Title,Image,Current State (EN),Release Date (EN),Maximum Resolution (EN),Pixel Count (EN),Framerate in 4K mode (EN),HDR/SDR (EN),Comments (EN),Cross-platform (EN),Developers (EN),Publishers,Price (GBP),Price (USD),Button to Store
A Place for the Unwilling,a-place-for-the-unwilling.webp (https://dl.airtable.com/.attachments/797575d0f1c3516c0ae5223f410b1283/5bc78b24/a-place-for-the-unwilling.webp),Released,23.2.2021,1920x1080 (FHD),placefor_proof.png (https://dl.airtable.com/.attachments/d2732d27423ae39f038a33c4ff488fbf/3d36180b/placefor_proof.png),60,SDR,"Pixel Count,Specs confirmed by devs/pubs",None,AlPixel Games,AlPixel Games,£14.99,$14.99,https://stadia.google.com/store/details/d5a3bd3f904647e1b72b346be7330c39rcp1/sku/35e23f647e6242f4bd298c68f111aca9p
A.O.T. 2: Final Battle,attack-on-titan-2-final-battle.webp (https://dl.airtable.com/.attachments/478dc4fbe14d6eb85edf5abd76feb0c5/698aff11/attack-on-titan-2-final-battle.webp),Released,19.11.2019,3840x2160 (4K),aot_proof.png (https://dl.airtable.com/.attachments/55152ca0523c3fcf2161e2b103daf534/ca85009f/aot_proof.png),30,SDR,"Specs confirmed by devs/pubs,60FPS in 1080p mode,Pixel Count",None,KOEI TECMO GAMES CO.,KOEI TECMO GAMES CO.,£54.99,$59.99,https://stadia.google.com/store/details/a38d988fb142400c947bf0a7b37fd404rcp1/sku/f879d932d28c4104958c7976f201ba38
Ary and the Secret of Seasons,ary-and-the-secret-of-seasons.webp (https://dl.airtable.com/.attachments/937b56e61b57ce396b92fe49da568d2b/12d8ae3e/ary-and-the-secret-of-seasons.webp),"Released,Currently Claimable with Pro",5.11.2020,1920x1080 (FHD),ary_proof.png (https://dl.airtable.com/.attachments/87d62f023b7941c76d36b2886a3654f4/1bcb9575/ary_proof.png),60,SDR,"Specs confirmed by devs/pubs,Not compatible with 4K mode,Pixel Count",None,Poppy Works,Modus Games,£34.99,$39.99,https://stadia.google.com/store/details/016636d5f49f4862be3ff8cbcf6c7adercp1/sku/be70e67b1fd64dc2bb4f002e65239731p
Assassin's Creed Odyssey,assassins-creed-odyssey.webp (https://dl.airtable.com/.attachments/ad07dbc2a27a7d3b6d80a02002077bb8/cb819ba0/assassins-creed-odyssey.webp),Released,19.11.2019,2880x1620 (3K),odyssey_proof.png (https://dl.airtable.com/.attachments/fda816bb7eb895b58de31f238abd467d/e51702d9/odyssey_proof.png),30,HDR,"Pixel Count,Specs confirmed by devs/pubs,30FPS in 1080p mode",None,Ubisoft,Ubisoft,£54.99,$59.99,https://stadia.google.com/store/details/8b7e7f7036e5483eaa8745d46248536crcp1/sku/6760aad6e75b4edc9686c48e8dd38936
Assassin's Creed Origins,assassins-creed-origins.webp (https://dl.airtable.com/.attachments/d6a06b8c234a8e6b41179fd14ebf8f51/59e91b8e/assassins-creed-origins.webp),Released,15.12.2020,3840x2160 (4K),origins_proof.png (https://dl.airtable.com/.attachments/de32f4f9b3f5f295a000660990c1bd30/d2bb6ac6/origins_proof.png),30,HDR,"30FPS in 1080p mode,No HDR settings,Pixel Count",None,Ubisoft,Ubisoft,£59.99,$59.99,https://stadia.google.com/store/details/11dfda5b2d78475d8624972b9b78c995rcp1/sku/562bc9b24c514a019dddd4d848bec0b9p
Assassin's Creed Syndicate,assassins-creed-syndicate.webp (https://dl.airtable.com/.attachments/b898b590de236c220eb602c3bfb53835/2277639b/assassins-creed-syndicate.webp),Released,15.12.2020,2880x1620 (3K),syndicate_proof.png (https://dl.airtable.com/.attachments/7857692fc9670a6cbf5a14a606da8499/2417a8cf/syndicate_proof.png),30,HDR,"Pixel Count,30FPS in 1080p mode,No HDR settings",None,Ubisoft,Ubisoft,£24.99,$29.99,https://stadia.google.com/store/details/88a2945345f744519c5148ddd54f26d1rcp1/sku/8aa42ef528804d0ba75608240a6c0289p
Assassin's Creed Unity,assassins-creed-unity.webp (https://dl.airtable.com/.attachments/482e087e190da202d11723337d400e18/965ce7c6/assassins-creed-unity.webp),Released,15.12.2020,3200x1800 (3.5K),unity_proof.png (https://dl.airtable.com/.attachments/28442c8882e34edda29e1f3a11d606d6/a003d48c/unity_proof.png),30,HDR,"Pixel Count,30FPS in 1080p mode,No HDR settings",None,Ubisoft,Ubisoft,£24.99,$29.99,https://stadia.google.com/store/details/92f77c19718444499ffb3054dd97ca36rcp1/sku/41225d1572f64d53948ce77fb498a4e4p
Assassin's Creed: Valhalla,assassins-creed-valhalla.webp (https://dl.airtable.com/.attachments/4c3e74b9394237382062bcdc331829b4/bb90f3eb/assassins-creed-valhalla.webp),Released,10.11.2020,3840x2160 (4K),valhalla_proof.png (https://dl.airtable.com/.attachments/b83b319b168a95353b7f4e1c8319e89f/7edeafab/valhalla_proof.png),30,HDR,"Pixel Count,30FPS in 1080p mode",None,Ubisoft,Ubisoft,£59.99,$59.99,https://stadia.google.com/store/details/377f50584071472096bcda89b0839bc3rcp1/sku/eefdc4164b384e39a68c67be30220410
AVICII Invector,avicii-invector.webp (https://dl.airtable.com/.attachments/96aeea14d7434e252bfc6f31998cf571/a19a2273/avicii-invector.webp),"Released,Currently Claimable with Pro",1.3.2021,3840x2160 (4K),avicii_proof.png (https://dl.airtable.com/.attachments/961b1dbc3de1a90a3bae55848b86c9cd/91790498/avicii_proof.png),30,SDR,"Pixel Count,Performance/Quality toggle,60FPS in 1080p mode",None,Hello There,Hello There,£19.99,$19.99,https://stadia.google.com/store/details/2c8b9ab112e5460db922dc7353381256rcp1/sku/afb2b66ddd744605a3d01acbeaf3ba01p
Baldur's Gate III,baldurs-gate-3.webp (https://dl.airtable.com/.attachments/e82fb28cfbc743bb59ac0bd3514db51e/d1aefa11/baldurs-gate-3.webp),Released,6.10.2020,3840x2160 (4K),,30,HDR,"Pixel Count,30FPS in 1080p mode",Partial Cross play,Larian Studios,Larian Studios,£49.99,$59.99,https://stadia.google.com/store/details/41de509cbdbb4a13828636099c57731arcp1/sku/a84dcb8e05e74083b5c879b49e923205p
Blue Fire,blue-fire.webp (https://dl.airtable.com/.attachments/3de5157029feadab2a4ec56348ed1591/c9d86fb7/blue-fire.webp),"Released,Currently Claimable with Pro",1.6.2021,3840x2160 (4K),bluefire_proof.png (https://dl.airtable.com/.attachments/04f5298de8fc4925893d903effecf1c5/98ab8425/bluefire_proof.png),60,SDR,Pixel Count,None,Graffiti Games,Graffiti Games,,,https://stadia.google.com/store/details/e9c4d2fc77424c34b0cd570bd761aab0rcp1/sku/f368b1f436404e55bd96d733652d75a7p
Borderlands 3,borderlands-3.webp (https://dl.airtable.com/.attachments/2367a1690e9178396119c9d7ec2937d0/c10b31bf/borderlands-3.webp),Released,17.12.2019,3200x1800 (3.5K),bl3_proof.png (https://dl.airtable.com/.attachments/b389ca98f8241793db7c22d748ed1173/d0f152cf/bl3_proof.png),30,HDR,"Pixel Count,60FPS in 1080p mode",None,Gearbox,2K,£49.99,$59.99,https://stadia.google.com/store/details/be080ad40b434ca289166031d3e88623rcp1/sku/958f4c0900c64e7e83b9218ab479304e
Cake Bash,cake-bash.webp (https://dl.airtable.com/.attachments/90e1e1276394602102a388f6cb3706a5/e9f77d17/cake-bash.webp),Released,15.10.2020,3840x2160 (4K),cakebash_proof.png (https://dl.airtable.com/.attachments/1aa95ce51198aa5537d58e081fabecf2/64821757/cakebash_proof.png),60,SDR,"Performance/Quality toggle,Pixel Count,Specs confirmed by devs/pubs",Partial Cross play,High Tea Frog,Coatsink,£19.99,$19.99,https://stadia.google.com/store/details/19efd5fa36794d7b8bc87de68124e705rcp1/sku/a7f0a6098ae747788a6f75d0d1e1d8f2p
Celeste,image.png (https://dl.airtable.com/.attachments/412439503a2fd58bf0996029a4e0b008/fe7ffcfd/image.png),"Released,Previously Claimable with Pro",28.7.2020,Pixel Art/Retro,cooltext380356929453699.png (https://dl.airtable.com/.attachments/64ea56ac78377a6892a82075cdd3fd99/108cb527/cooltext380356929453699.png),60,SDR,Pixel Count,None,Matt Makes Games,Matt Makes Games,£15.99,$19.99,https://stadia.google.com/store/details/c911998e4f8d4c6ea6712c5ad33e4a54rcp1/sku/68fb07a7c4ac41f1afb21d742c717538
Chronos: Before the Ashes,chronos-before-the-ashes.webp (https://dl.airtable.com/.attachments/e0bc4ce4cafbbf5573f139a2b94a8e92/70618277/chronos-before-the-ashes.webp),"Released,Currently Claimable with Pro",1.12.2020,3840x2160 (4K),chronos_proof.png (https://dl.airtable.com/.attachments/b1a576bfaab6cbfa674523aa80b33143/f9e7c46a/chronos_proof.png),60,SDR,Pixel Count,None,Gunfire Games,THQ Nordic,£26.99,$29.99,https://stadia.google.com/store/details/3f94b62fa50c4202be10472947478f8frcp1/sku/c3fcca2c75614bf6b634bedc2f766003p
Cosmic Star Heroine,image.png (https://dl.airtable.com/.attachments/63d369827d00a98befcd85d6d37231d4/1d21f57b/image.png),Released,1.3.2021,Pixel Art/Retro,cooltext380356929453699.png (https://dl.airtable.com/.attachments/08df028f348aed3403ac32420441b742/4ec3e90f/cooltext380356929453699.png),60,SDR,Not compatible with 4K mode,None,Zeboyd Digital Entertainment LLC,Zeboyd Digital Entertainment LLC,£10.99,$14.99,https://stadia.google.com/store/details/88396e4e44c94d43b4259e6bedbd582crcp1/sku/8eec020af3914643b3ce2ff4332b9a4cp
Crayta,image.png (https://dl.airtable.com/.attachments/54ca8d3ffaf25ada19cb55e6d3096b72/c6a9598b/image.png),"Released,Currently Claimable with Pro",1.7.2020,2560x1440 (2K),crayta_proof.png (https://dl.airtable.com/.attachments/2f62da8884a262f33f85fa250d978a77/668b3ab0/crayta_proof.png),60,HDR,Pixel Count,Partial Cross play,Unit 2 Games,Unit 2 Games,£29.99,$0.00,https://stadia.google.com/store/details/05f66a46027747a08b930ea70374ac7frcp1/sku/bf97db3ce0644a448815aef1a5c33e0a
Cris Tales,cris-tales.webp (https://dl.airtable.com/.attachments/e096df2d5ab6b1c789a08299e1892578/90e299dd/cris-tales.webp),"""Announced, No Pre-order""",20.7.2021,,,,,,,,,,,
Cthulhu Saves Christmas,cthulhu-saves-christmas.webp (https://dl.airtable.com/.attachments/dd2e333521b2f81925700c9e8db79f6a/fe7ef57f/cthulhu-saves-christmas.webp),"Released,Currently Claimable with Pro",22.12.2020,Pixel Art/Retro,cooltext380356929453699.png (https://dl.airtable.com/.attachments/1901ae92b273980b3b9f45c21521ecdf/19bab71d/cooltext380356929453699.png),60,SDR,Not compatible with 4K mode,None,Zeboyd Digital Entertainment LLC,Zeboyd Digital Entertainment LLC,£8.99,$9.99,https://stadia.google.com/store/details/769a088b9ef04c04b341911a1ef8b8ecrcp1/sku/5748ef643485495ba71d15041c44f0d4p
Cyberpunk,cyberpunk-2077.webp (https://dl.airtable.com/.attachments/fe632a52f81e7f497b4ab87ad80ca5c8/aacbc4f2/cyberpunk-2077.webp),Released,10.12.2020,3200x1800 (3.5K),cyberpunk_proof.png (https://dl.airtable.com/.attachments/3d839b665132cb32851e70b6329ea913/26f9b819/cyberpunk_proof.png),30,HDR,"Pixel Count,Specs confirmed by devs/pubs,Performance/Quality toggle,60FPS in 1080p mode,30FPS in 1080p mode",None,CD Projekt Red,CD Projekt Red,£49.99,$59.99,https://stadia.google.com/store/details/49697e672bc34e7d8a5f73f78cb580d0rcp1/sku/cb3e8ed4bf954c9984fda697f2e8c06dp
Darksiders Genesis,darksiders-genesis.webp (https://dl.airtable.com/.attachments/3212b824da2c89a0d054d80decc10e98/dd489d95/darksiders-genesis.webp),Released,5.12.2019,2560x1440 (2K),dsg_proof.png (https://dl.airtable.com/.attachments/7500b5de8b9bfbd41ef23071d4b70c2a/f1a97f2a/dsg_proof.png),60,SDR,Pixel Count,None,Airship Syndicate,THQ Nordic,£34.99,$39.99,https://stadia.google.com/store/details/f39390395ed5444d8e9b23460c8f9152rcp1/sku/6c8ae46efebc4bd1a7de725bc630ce65
Dead by Daylight,dead-by-daylight.webp (https://dl.airtable.com/.attachments/4236bc808077da1fe547256334e83419/64bc84ef/dead-by-daylight.webp),"Released,Previously Claimable with Pro",1.10.2020,2880x1620 (3K),dbd_proof.png (https://dl.airtable.com/.attachments/f8940dae75d2898075e44eb98e2fb42e/36bfa50b/dbd_proof.png),60,SDR,Pixel Count,"Full cross play,Cross buy",BHVR,BHVR,£17.99,$19.99,https://stadia.google.com/store/details/b67e43f2b05f4ba7acc56a4b222568aarcp1/sku/5af3426b8434401897bb4eeac0344662
Destiny 2,destiny-2-the-collection.webp (https://dl.airtable.com/.attachments/6369987938e9a32a467a84a892d7bd97/12f598c5/destiny-2-the-collection.webp),"Released,Previously Claimable with Pro",19.11.2019,1920x1080 (FHD),destiny2_proof.png (https://dl.airtable.com/.attachments/f9c69d5d44f331656427eee73a9fc3e1/4160e995/destiny2_proof.png),60,HDR,"Pixel Count,Specs confirmed by devs/pubs,No HDR settings",Cross save,Bungie,Bungie,£0.00,$0.00,https://stadia.google.com/store/details/20e792017ab34ad89b70dc17a5c72d68rcp1/sku/4950959380034dcda0aecf98f675e11f
Destroy All Humans,destroy-all-humans.webp (https://dl.airtable.com/.attachments/8c62bdaabb920e6ec62219b6c1ebcb52/4d99ddc5/destroy-all-humans.webp),Released,8.12.2020,1920x1080 (FHD),dah_proof.png (https://dl.airtable.com/.attachments/00515d09f0bc49a872a77a40936a6c8b/e9ad14a3/dah_proof.png),30,SDR,"Pixel Count,Not compatible with 4K mode",None,Black Forest Games,THQ Nordic,£36.99,$39.99,https://stadia.google.com/store/details/0fd3103549b54c7e89afd6eed83672cercp1/sku/fae281d43a044453a5ad2e1a1961625a
DiRT 5,dirt-5.webp (https://dl.airtable.com/.attachments/37761fe1b7a777b88d445aab44ed4a0d/86e96d14/dirt-5.webp),Released,24.3.2021,1920x1080 (FHD),dirt_proof.png (https://dl.airtable.com/.attachments/a1caf3f4c5da594032d637356c3c849c/b3d736b8/dirt_proof.png),60,,Pixel Count,None,Codemasters,Codemasters,£54.99,,https://stadia.google.com/store/details/ed81a01114044edcacfa52656b259d41rcp1/sku/f0c21370f7e2488f8898ae59220c2e24p
Disco Elysium,image.png (https://dl.airtable.com/.attachments/0d38f9b8783f2f704826f0c7cd5f771f/a1968d65/image.png),Released,30.3.2021,3840x2160 (4K),disco_proof.png (https://dl.airtable.com/.attachments/83a9c06c2d38e52cd4c103a0b86ef266/929f4719/disco_proof.png),60,SDR,Pixel Count,None,ZAUM,ZAUM,£39.99,$39.99,https://stadia.google.com/store/details/01082780d6f4421c9635b22021f05ff5rcp1/sku/8986c2c2aa70409bad9a76f57d2b69f1p
DOOM (2016),Doom_Cover.jpg (https://dl.airtable.com/.attachments/9b5c716fcc2fd0a3cd0b0b31b9c4c3e0/4c9d7f8a/Doom_Cover.jpg),Released,18.8.2020,3200x1800 (3.5K),doom_proof.png (https://dl.airtable.com/.attachments/93601e8bb3139f88c56a2fdc0360d9db/6992a1c6/doom_proof.png),60,SDR,Pixel Count,None,ID Software,Bethesda Softworks,£14.99,$19.99,https://stadia.google.com/store/details/cc1a8e0e94d54f15a22149fed93bbd7arcp1/sku/3d2a4c3229bd44ea80647beacc9ed247
DOOM 64,doom-64.webp (https://dl.airtable.com/.attachments/07ec159964839ea416ed2e8197f6b919/e9a0c6f9/doom-64.webp),Released,12.5.2020,Pixel Art/Retro,cooltext380356929453699.png (https://dl.airtable.com/.attachments/d5071ab7f8c55bf80c0a0e65b6b9ef1e/8d40224f/cooltext380356929453699.png),60,SDR,,None,Nightdive Studios,Bethesda Softworks,£3.99,$4.99,https://stadia.google.com/store/details/5a0e892c933c4f56b4d87976cb655ecfrcp1/sku/bcdca49dcac843f98ddb10e06ba83ee9
DOOM Eternal,doom-eternal.webp (https://dl.airtable.com/.attachments/65dd3b560d632ea1928afa9cc6bbb271/f6d31c1b/doom-eternal.webp),Released,20.3.2020,3200x1800 (3.5K),doom_eternal_proof.png (https://dl.airtable.com/.attachments/adcf272565c204e963df75e68db3f2c0/b025a0c7/doom_eternal_proof.png),60,HDR,"Specs confirmed by devs/pubs,Pixel Count",None,ID Software,Bethesda Softworks,£49.99,$59.99,https://stadia.google.com/store/details/632522c846a041ce801e47b96ba2e265rcp1/sku/17affc92b9ca47a7b64e748609ed25af
DRAGON BALL XENOVERSE 2,dragon-ball-xenoverse-2.webp (https://dl.airtable.com/.attachments/579946b31c417d940d140b5258be2e14/02b8e992/dragon-ball-xenoverse-2.webp),Released,17.12.2019,3840x2160 (4K),dragonball_proof.png (https://dl.airtable.com/.attachments/6adcffb8f567ff876748fccbef6115d4/06391d54/dragonball_proof.png),60,SDR,Pixel Count,None,Dimps,BANDAI NAMCO Entertainment,£39.99,$49.99,https://stadia.google.com/store/details/80a70c13987841b3a2aedbcac54784abrcp1/sku/66f1b5a13ee54b7aa70aebfddd18c085
DRAGON QUEST XI S: Echoes of an Elusive Age,dragon-quest-xi-s-echoes-of-an-elusive-age.webp (https://dl.airtable.com/.attachments/5b6ab6bbb0b45317fa35164fb234e6fe/54a4a1af/dragon-quest-xi-s-echoes-of-an-elusive-age.webp),Released,16.3.2021,1728x972,dq_proof.png (https://dl.airtable.com/.attachments/2369a1e91bc5c65962656a69689d3509/3e5a30f0/dq_proof.png),60,SDR,"Pixel Count,No HDR settings",None,ORCA,Square Enix,£34.99,,https://stadia.google.com/store/details/6cf458a458cd4b2e8161c740c4844621rcp1/sku/60c01d0c87b64fa0a6bf5cca0bb079e7p
El Hijo - A Wild West Tale,el-hijo-a-wild-west-tale.webp (https://dl.airtable.com/.attachments/c2005bb6c6a4c1faf8538b14283df74a/d4c72258/el-hijo-a-wild-west-tale.webp),"Released,Previously Claimable with Pro",3.12.2020,3840x2160 (4K),elhijo_proof.png (https://dl.airtable.com/.attachments/b847b235ac14d4ee3fe5a74bf54668b0/3959e282/elhijo_proof.png),60,SDR,"Specs confirmed by devs/pubs,Pixel Count",None,Honig Studios,Handy Games,£17.99,$19.99,https://stadia.google.com/store/details/d46f9c2d858d41d6ae4cc12d186657f0rcp1/sku/4761cd53808a462ca823a9e403baea99
Embr,embr.webp (https://dl.airtable.com/.attachments/1982e4c9c6860c6dd2de9076b733ec51/630862a2/embr.webp),"Released,Previously Claimable with Pro",21.4.2020,1920x1080 (FHD),embr_proof.png (https://dl.airtable.com/.attachments/8638acc44e71e886ed80c5bfbb67c03f/a3403538/embr_proof.png),60,HDR,"Pixel Count,Specs confirmed by devs/pubs,Not compatible with 4K mode",Partial Cross play,Muse Games,Curve Digital,£17.99,$19.99,https://stadia.google.com/store/details/d599576cddfc400f804b889460e84cb3rcp1/sku/2240fd0ec10f4229ab05fe5c7547b20a
Enter the Gungeon,enter-the-gungeon.webp (https://dl.airtable.com/.attachments/864383eec0df213f80f0c809bedfb191/3cd16b33/enter-the-gungeon.webp),"Released,Previously Claimable with Pro",22.12.2020,Pixel Art/Retro,cooltext380356929453699.png (https://dl.airtable.com/.attachments/0be3f907177cf1305c624b20109f9766/afed3fc2/cooltext380356929453699.png),60,SDR,Not compatible with 4K mode,None,Dodge Roll,Devolver Digital,£10.99,$14.99,https://stadia.google.com/store/details/8f0addba5d3d4c05b07d7b59481e0171rcp1/sku/de13900e4bc8442b9f1ddead7baaec6dp
Epistory - Typing Chronicles,epistory-typing-chronicles.webp (https://dl.airtable.com/.attachments/8e25fa5575aeab4fb097a7d420ce5f40/fee6275e/epistory-typing-chronicles.webp),Released,2.2.2021,3840x2160 (4K),epistory_proof.png (https://dl.airtable.com/.attachments/250b467ee924e2b59b22c652caf6c4ef/bb53c205/epistory_proof.png),60,SDR,Pixel Count,None,Fishing Cactus,Fishing Cactus,£14.99,$14.99,https://stadia.google.com/store/details/cddb29b222924d11b2bf03a82fee477arcp1/sku/f22c0b322aac4f6dbb9c822780f956c7p
Everspace,everspace.webp (https://dl.airtable.com/.attachments/d394704e2697a31d04492dc87c9efaf8/fa59ad96/everspace.webp),"Released,Currently Claimable with Pro",1.12.2020,1920x1080 (FHD),everspace_proof.png (https://dl.airtable.com/.attachments/6ab2bb90dca75e49c333a19291261320/eb879342/everspace_proof.png),60,SDR,"Pixel Count,Specs confirmed by devs/pubs,Not compatible with 4K mode",None,ROCKFISH Games,ROCKFISH Games,£29.99,$29.99,https://stadia.google.com/store/details/44752f1774ca4508a2c45e57121d7e8frcp1/sku/dfda545ac2e94885a13b1434d370d4b0
F1 2020,image.png (https://dl.airtable.com/.attachments/224d2470bc909aa2a6f03420bf847065/833c80d8/image.png),"Released,Previously Claimable with Pro",7.7.2020,3840x2160 (4K),f1_proof.png (https://dl.airtable.com/.attachments/d8e6db407feede4b87cb349ad2b33693/20547e89/f1_proof.png),60,HDR,"Pixel Count,Specs confirmed by devs/pubs",None,Codemasters,Codemasters,£54.99,$59.99,https://stadia.google.com/store/details/f3519f3dc3d74fbb8086520577b832e0rcp1/sku/60da786be741463fbbeb63ed5130bc11
Family Feud,family-feud.webp (https://dl.airtable.com/.attachments/1facbcae7d58aa5cc84fde242f3799ea/065545a1/family-feud.webp),Released,12.11.2020,,,60,SDR,,None,Snap Finger Click,Ubisoft,£15.99,$29.99,https://stadia.google.com/store/details/5ba98de70c8c4b64bf56ca9009d60e62rcp1/sku/3af579475c334c62985ac80b3dfed0bap
Far Cry 5,far-cry-5.webp (https://dl.airtable.com/.attachments/cac9bd938e5bf0ab1c60522e11880f1f/938679c0/far-cry-5.webp),Released,3.11.2020,3840x2160 (4K),farcry5_proof.png (https://dl.airtable.com/.attachments/657ace906a6eb6169845f6018a9cf1ed/600e24b8/farcry5_proof.png),30,HDR,"Pixel Count,Specs confirmed by devs/pubs,30FPS in 1080p mode",None,Ubisoft,Ubisoft,£39.99,$59.99,https://stadia.google.com/store/details/7d9beb13648d44839b9aeea7555c37c0rcp1/sku/b446084511c54da8a9b3381be38255c7p
Far Cry 6,far-cry-6.webp (https://dl.airtable.com/.attachments/1bb61f412f5d614d86fdffe4c41cf2ca/e0d80b46/far-cry-6.webp),Pre-order,7.10.2021,,,,,,None,Ubisoft,Ubisoft,,,https://stadia.google.com/store/details/5eb3896383464e2897b3d4b56a5b3a1drcp1/sku/42af7e07fe9241519c6dce7597dde5f0p
Far Cry New Dawn,far-cry-new-dawn.webp (https://dl.airtable.com/.attachments/96a6e62fe0347ba0429904d705c46c18/b47986d0/far-cry-new-dawn.webp),Released,3.11.2020,3840x2160 (4K),fcnd_proof.png (https://dl.airtable.com/.attachments/80325a069780c728c88c70b6aeb25656/c9ea62a6/fcnd_proof.png),30,HDR,"Pixel Count,Specs confirmed by devs/pubs,30FPS in 1080p mode",None,Ubisoft,Ubisoft,£39.99,$39.99,https://stadia.google.com/store/details/a2a4ff75e249404a975db7ae5f77e536rcp1/sku/f500f7d58be94fa389e1cdef3bf1118ep
Farming Simulator 19,farming-simulator-19.webp (https://dl.airtable.com/.attachments/3547ce85df8f67b4ec4bf5e2a539f1db/9e905427/farming-simulator-19.webp),"Released,Previously Claimable with Pro",19.11.2019,3360x1890 (3.5K),fs_proof.png (https://dl.airtable.com/.attachments/daff7096bceecbdacdc37a59c33f791d/ebd3a79d/fs_proof.png),60,HDR,"Pixel Count,Specs confirmed by devs/pubs",Partial Cross play,GIANTS Software,GIANTS Software,£29.99,$29.99,https://stadia.google.com/store/details/ebf235012b054269af70eee901bc85cfrcp1/sku/c50094b71d054fc28f3116245d9dbc9a
FIFA 21,fifa-21.webp (https://dl.airtable.com/.attachments/aede337ba3138af7bb09819905bdab22/0bcc69dc/fifa-21.webp),Released,17.3.2021,3840x2160 (4K),fifa_proof2.png (https://dl.airtable.com/.attachments/c427fa5ebb42330d349f7b1be6ac5089/256c99b6/fifa_proof2.png),60,HDR,Pixel Count,None,EA Vancouver,Electronic Arts Inc,£59.99,,https://stadia.google.com/store/details/2c4539adc1e641c0bb2cd0e4032eec75rcp1/sku/700cbb2e56894745816e73bdbd86f809
Figment,figment.webp (https://dl.airtable.com/.attachments/d68d38a3b15ff2034134be7210dbc7aa/7638fe53/figment.webp),"Released,Currently Claimable with Pro",8.12.2020,1920x1080 (FHD),figment_proof.png (https://dl.airtable.com/.attachments/a441dad7210198bbf7bd5c13fdb91e4f/68eb0775/figment_proof.png),60,SDR,"Pixel Count,Specs confirmed by devs/pubs,Not compatible with 4K mode",None,Bedtime Digital Games,Bedtime Digital Games,£19.99,$19.99,https://stadia.google.com/store/details/7183914d07034cb1bbb8a511779bc1efrcp1/sku/dfc0719b3a5b48ab8213033dc72bfdfcp
Final Fantasy XV,final-fantasy-xv.webp (https://dl.airtable.com/.attachments/eeb0d4a3dcad620b5cd92ec4887167bd/93b316bc/final-fantasy-xv.webp),Released,19.11.2019,1920x1080 (FHD),FFXV_proof.png (https://dl.airtable.com/.attachments/b98628bc5d48339cbd5fb24603677914/5df8a783/FFXV_proof.png),30,HDR,"Pixel Count,No HDR settings,30FPS in 1080p mode",None,Square Enix Japan,Square Enix,£34.99,$39.99,https://stadia.google.com/store/details/a447622dbe084c3e9ace4f913a939afarcp1/sku/1611bf48ac784869bcbd1ce85bc71add
Floor Kids,image.png (https://dl.airtable.com/.attachments/d130db3f7d1cfaa8987fded6af8804fb/5e957684/image.png),"Released,Currently Claimable with Pro",14.4.2021,1920x1080 (FHD),floor_kids_proof.png (https://dl.airtable.com/.attachments/a0debf37778740adda81f6a6df6bca8d/01c15428/floor_kids_proof.png),60,HDR,"Pixel Count,Not compatible with 4K mode,No HDR settings",None,MERJ Media,MERJ Media,,$19.99,https://stadia.google.com/store/details/e184f2da322a41c9a31b3ef2c473f95arcp1/sku/c78b6a8ef7734bbf8de9c068eeadd049p
Football Manager 2020,football-manager-2020.webp (https://dl.airtable.com/.attachments/2d037fb38761e46b7ded2901cff3a155/9d035332/football-manager-2020.webp),Released,19.11.2019,1920x1080 (FHD),fm20_proof.png (https://dl.airtable.com/.attachments/5c6a9e11c722b13a19d18ecf427d79d2/691a185a/fm20_proof.png),60,HDR,Pixel Count,None,Sports Interactive,SEGA Europe,£39.99,$49.99,https://stadia.google.com/store/details/8a3cc52ad2334b1e91ded77bc43644e0rcp1/sku/32a0791a88474f08ad7a687846b786f2
FORECLOSED,foreclosed.webp (https://dl.airtable.com/.attachments/308932643557547e192dc80e2f101789/edf24d2c/foreclosed.webp),"""Announced, No Pre-order""",12.8.2021,,,,,,,,,,,
Get Packed,get-packed.webp (https://dl.airtable.com/.attachments/e601f4252aaaad23ce421e0390497e47/8a7ba6e4/get-packed.webp),"Released,Previously Claimable with Pro",28.4.2020,1920x1080 (FHD),getpacked_proof.png (https://dl.airtable.com/.attachments/d496dc90a397e9be294e64a628a6fe66/7528bf3c/getpacked_proof.png),60,SDR,Pixel Count,None,Coatsink,Coatsink,£19.99,$19.99,https://stadia.google.com/store/details/73182869b2a644bdbef46984b96e1721rcp1/sku/a6ffc113bea9495b84581796893ebf50
Gods Will Fall,gods-will-fall.webp (https://dl.airtable.com/.attachments/f0e5e824db1bfc044a0f547d0a83d2a2/ca963bf2/gods-will-fall.webp),Released,29.1.2021,3840x2160 (4K),gods_will_fall_proof.png (https://dl.airtable.com/.attachments/43fabaf79f2263e4f08ec243b8bbeef9/a7d16e0c/gods_will_fall_proof.png),60,SDR,Pixel Count,None,Clever Beans,Koch Media,£19.99,$24.99,https://stadia.google.com/store/details/f001c122cb70445d8a247d5b6f6334cbrcp1/sku/414526adae5641faa20c8725ed90f8bap
GRID,grid.webp (https://dl.airtable.com/.attachments/f6dfbae7b8bddff48b476210f6e2fd0e/1a396180/grid.webp),"Released,Previously Claimable with Pro",19.11.2019,3072x1728 (3K),grid_proof.png (https://dl.airtable.com/.attachments/2982930c737e8fa3480df87541ca8b21/5b77fd3a/grid_proof.png),60,HDR,Pixel Count,None,Codemasters,Codemasters,£54.99,$34.99,https://stadia.google.com/store/details/ca805d3d37404654a91d2ea62fad7bd4rcp1/sku/75be643ff0fb40d7873fa41edb10d98a
Gunsport,gunsport.webp (https://dl.airtable.com/.attachments/cefd10bbdcb0c460a062e18fbce9274c/9bd3ac78/gunsport.webp),"Released,Currently Claimable with Pro",1.9.2020,Pixel Art/Retro,cooltext380356929453699.png (https://dl.airtable.com/.attachments/256e1149cb7a8e505597608d8674d47c/a4aea5e2/cooltext380356929453699.png),60,SDR,,None,Necrosoft Games,Necrosoft Games,£15.99,$19.99,https://stadia.google.com/store/details/16330bd770134d85b5bef3cc6b1407ffrcp1/sku/896565e45f974774a117876f949630df
GYLT,gylt.webp (https://dl.airtable.com/.attachments/a6656321adc371f5401e6edef06a9097/3e72c3fd/gylt.webp),"Released,Previously Claimable with Pro",19.11.2019,3840x2160 (4K),,60,HDR,Pixel Count,None,Tequila Works,Tequila Works,£29.99,$29.99,https://stadia.google.com/store/details/18a3cc2bb111419c8ac873086d04dfaarcp1/sku/9ac5597c3f4a4e648c9ae56bac3d1b32
Hello Neighbor,hello-neighbor.webp (https://dl.airtable.com/.attachments/edf60327bc1628dee6e50a9d049928ac/66b8f11f/hello-neighbor.webp),"Released,Previously Claimable with Pro",1.9.2020,1472x828,hn_proof.png (https://dl.airtable.com/.attachments/4d5b81e1a89bde6cd61b18d16e2675c2/540ab1c9/hn_proof.png),60,SDR,"Not compatible with 4K mode,Pixel Count",None,TinyBuild,TinyBuild,£24.99,$29.99,https://stadia.google.com/store/details/9dc548a191914b419cc80802ca64788frcp1/sku/dc0627d002f24fdba14ac6755250360ep
Hello Neighbor: Hide and Seek,hello-neighbor-hide-seek.webp (https://dl.airtable.com/.attachments/7b39f99d1dae2472fd8b1bd51a44e34d/ad852663/hello-neighbor-hide-seek.webp),"Released,Previously Claimable with Pro",1.11.2020,1472x828,hn_h&s_proof.png (https://dl.airtable.com/.attachments/ba1c8a85491f17f0ab26c24b2fcecca6/8d37afcd/hn_hs_proof.png),60,SDR,"Not compatible with 4K mode,Pixel Count",None,TinyBuild,TinyBuild,£24.99,$29.99,https://stadia.google.com/store/details/cf784a0f4c554ce68a2880cb461bd903rcp1/sku/ad2362e56c57469cafad1ed5799e8997p
Hellpoint,hellpoint.webp (https://dl.airtable.com/.attachments/073dd4d703b61e8aa0fde0cce74276b6/2b6f73fe/hellpoint.webp),Released,25.2.2021,1920x1080 (FHD),hellpoint_proof.png (https://dl.airtable.com/.attachments/eeb2532aa19f44f14b9dc21355432a4f/416d0029/hellpoint_proof.png),60,SDR,Pixel Count,None,Hologryph LLC,TinyBuild,£29.99,$34.99,https://stadia.google.com/store/details/c87989ee2285400c8ac96b8e52f57991rcp1/sku/068991be4dcb45419a11d3b8c9adc3d1p
HITMAN - The Complete First Season,hitman.webp (https://dl.airtable.com/.attachments/f0e214cb62af2fa0906fd4dfc9406deb/4c78eb8a/hitman.webp),"Released,Currently Claimable with Pro",1.9.2020,2560x1440 (2K),hitman_proof.png (https://dl.airtable.com/.attachments/fa0c0b4f978232e4973f631d6086936f/198fefdb/hitman_proof.png),60,HDR,Pixel Count,None,IO Interactive,IO Interactive,£49.99,$59.99,https://stadia.google.com/store/details/990ec302c2cd4ba7817cedcf633ab20frcp1/sku/cc1997b89ae44886a1197a59b42b2613
HITMAN 2,hitman-2.webp (https://dl.airtable.com/.attachments/4355774acfabb40adb7bdce88a1c2e78/0770bbbc/hitman-2.webp),"Released,Previously Claimable with Pro",1.9.2020,2560x1440 (2K),hitman2_proof.png (https://dl.airtable.com/.attachments/f1e1f310a41bc46c8be3c8777fbf2c43/8be2d367/hitman2_proof.png),60,HDR,Pixel Count,None,IO Interactive,IO Interactive,£54.99,$59.99,https://stadia.google.com/store/details/990ec302c2cd4ba7817cedcf633ab20frcp1/sku/70d2750d0c614a01afbb34e5c4f3a9bc
HITMAN 3,hitman-3.webp (https://dl.airtable.com/.attachments/9ffa64b8241251f0e715bc75cbc6bcc8/c207be5f/hitman-3.webp),Released,20.1.2021,2560x1440 (2K),hitman3_proof.png (https://dl.airtable.com/.attachments/c90099ddcd5be6ea932ed031d2682588/25f8acf4/hitman3_proof.png),60,HDR,Pixel Count,None,IO Interactive,IO Interactive,£54.99,$59.99,https://stadia.google.com/store/details/990ec302c2cd4ba7817cedcf633ab20frcp1/sku/a31dabb87e2441978da11fd60f3197dfp
Hotline Miami,hotline-miami.webp (https://dl.airtable.com/.attachments/682719ed091b991ae784544151a64622/7c250833/hotline-miami.webp),"Released,Previously Claimable with Pro",22.9.2020,Pixel Art/Retro,cooltext380356929453699.png (https://dl.airtable.com/.attachments/2aa16384fc0e35772cd6a53c392723bf/24df3b2e/cooltext380356929453699.png),60,SDR,,None,Dennaton Games,Devolver Digital,£8.99,$9.99,https://stadia.google.com/store/details/5f54e869de4441f8998e80d2c54fa74brcp1/sku/be1bff38daf046f78cde2b36228de554
Hotline Miami 2: Wrong Number,hotline-miami-2-wrong-number.webp (https://dl.airtable.com/.attachments/c111dc45c2bbb6677df80223368f1c38/f7813714/hotline-miami-2-wrong-number.webp),"Released,Currently Claimable with Pro",22.9.2020,Pixel Art/Retro,cooltext380356929453699.png (https://dl.airtable.com/.attachments/93d357ee857a57b4b2e770f3680eab51/447900d5/cooltext380356929453699.png),60,SDR,,None,Dennaton Games,Devolver Digital,£12.99,$14.99,https://stadia.google.com/store/details/68add0d67fe3491f94cb439664b1ffc7rcp1/sku/bc01f7206e4f4f83a468ce33eea0c404
Human: Fall Flat,human-fall-flat.webp (https://dl.airtable.com/.attachments/ecdc0eee3c471d64b5b3c9f8038f5a58/6ddb0daf/human-fall-flat.webp),"Released,Currently Claimable with Pro",1.10.2020,1280x720 (HD),hff_proof.png (https://dl.airtable.com/.attachments/1b58ec2063943de16f99528864cca670/c99a44e2/hff_proof.png),60,SDR,Pixel Count,None,Curve Digital,No Brakes Games,£11.99,$14.99,https://stadia.google.com/store/details/16d98de80a3340ffa4129953ae4e3206rcp1/sku/6ec089b591ee47fab2fed726e466700ap
HUMANKIND - Digital Deluxe Edition,humankind.webp (https://dl.airtable.com/.attachments/67bd7d55dbf5a7dff7da321cebd16377/25d0a217/humankind.webp),Pre-order,17.8.2021,3840x2160 (4K),,30,,Pixel Count,Partial Cross play,Amplitude Studios,SEGA Europe,£40.99,$49.79,https://stadia.google.com/store/details/3f40802097224fa1aaa0dcc4555828b7rcp1/sku/ca8344739a34441dac1f53938b55e178p
Hundred Days - Winemaking Simulator,hundred-days-winemaking-simulator.webp (https://dl.airtable.com/.attachments/877a06b7f79ce6f74498247d5de6b530/8fa6460f/hundred-days-winemaking-simulator.webp),Released,13.5.2021,3840x2160 (4K),hundred_proof.png (https://dl.airtable.com/.attachments/5d3422a3ea48a880a3d7a04cd32b1ea7/eab58304/hundred_proof.png),30,SDR,"Pixel Count,Performance/Quality toggle,60FPS in 1080p mode",None,Broken Arms Games,Broken Arms Games,,,https://stadia.google.com/store/details/0b14eb3560f94ed69375f6ca5b7491fercp1/sku/da04f57bb412431bb1152cac7bac248bp
IMMORTALS FENYX RISING,immortals-fenyx-rising.webp (https://dl.airtable.com/.attachments/908b2a4e4ca4d0335eeb5780bb2031db/568caf38/immortals-fenyx-rising.webp),Released,3.12.2020,2880x1620 (3K),,30,HDR,"Pixel Count,Specs confirmed by devs/pubs,Performance/Quality toggle,60FPS in 1080p mode",None,Ubisoft,Ubisoft,£59.99,$59.99,https://stadia.google.com/store/details/161f276db10947a199cd0260ed4dc248rcp1/sku/7f69e006dede4c8eab019dede177c57dp
Into the Breach,into-the-breach.webp (https://dl.airtable.com/.attachments/58dbf316c59ba0e1b50ef6a3446457b1/405dde5a/into-the-breach.webp),"Released,Previously Claimable with Pro",1.12.2020,Pixel Art/Retro,cooltext380356929453699.png (https://dl.airtable.com/.attachments/fbc14a44efcdba8a23a4e32ad294e44a/dcf1bacc/cooltext380356929453699.png),60,HDR,,None,Subset Games,Subset Games,£14.99,$14.99,https://stadia.google.com/store/details/1a871cfe8a7d4ebc8592c2ad4bc07150rcp1/sku/ab83a7b5efed40188c8ab8798d7dbfa6
It Came From Space And Ate Our Brains,it-came-from-space-and-ate-our-brains.webp (https://dl.airtable.com/.attachments/77bddcc41f569f65873ca91bd2c52424/0259bfaa/it-came-from-space-and-ate-our-brains.webp),Released,2.3.2021,3840x2160 (4K),ictsaaob_proof.png (https://dl.airtable.com/.attachments/922e66dc5aba57de90e2706c2b6fa605/8a1e50cc/ictsaaob_proof.png),60,SDR,Pixel Count,None,Triangle Studios,Triangle Studios,£14.99,$14.99,https://stadia.google.com/store/details/004b82924b0441c5a2ba6488cca19b90rcp1/sku/cf6b0ff80be24b3591051fb31a0765c0p
Jotun: Valhalla Edition,jotun-valhalla-edition.webp (https://dl.airtable.com/.attachments/0cc8b83a75fc4af82a56e32e9b121cba/2140d07e/jotun-valhalla-edition.webp),"Released,Previously Claimable with Pro",26.5.2020,1920x1080 (FHD),jotun_proof.png (https://dl.airtable.com/.attachments/e41fc64b13eb8f90fca120266d1db211/20db0a21/jotun_proof.png),60,SDR,"Pixel Count,Specs confirmed by devs/pubs,Not compatible with 4K mode",None,Thunder Lotus Games,Thunder Lotus Games,£11.99,$19.99,https://stadia.google.com/store/details/c727a9083ce649e5b1cc6999c4fa2e5frcp1/sku/43fb9c029d0641e290fdbaedea1c3a40
Journey to the Savage Planet,journey-to-the-savage-planet.webp (https://dl.airtable.com/.attachments/6d3ea5bb1fd85d627c13787983bcaf39/a1e2ec1f/journey-to-the-savage-planet.webp),"Released,Currently Claimable with Pro",1.2.2021,3840x2160 (4K),jttsp_proof.png (https://dl.airtable.com/.attachments/d03ec5792882d4443723007c34690839/33c33c89/jttsp_proof.png),60,SDR,Pixel Count,None,Stadia Games and Entertainment,Stadia Games and Entertainment,£19.99,$19.99,https://stadia.google.com/store/details/22c6d03e67474644a139de4f04a08c11rcp1/sku/a287b8393c204384a8b940dc79d142fd
Judgment,judgment.webp (https://dl.airtable.com/.attachments/0440cb1a6e82247c5f909a57acab712d/7e7ee3a2/judgment.webp),Released,23.4.2021,1920x1080 (FHD),judgement_proof.png (https://dl.airtable.com/.attachments/78310aa45c12ea0d3b92c10b8afc6f63/909fc3c4/judgement_proof.png),60,SDR,Pixel Count,None,Ryu Ga Gotoku Studio,SEGA Europe,,,https://stadia.google.com/store/details/3b8cebf1104f4705b8e8d1994429ec4crcp1/sku/c42a74b39a05482e9043ba235f035268p
Just Dance 2020,just-dance-2020.webp (https://dl.airtable.com/.attachments/271de19f013c30a69d62246b5d1e96f1/8ece8993/just-dance-2020.webp),Released,19.11.2019,1920x1080 (FHD),,60,SDR,"Pixel Count,Specs confirmed by devs/pubs",None,Ubisoft,Ubisoft,£39.99,$49.99,https://stadia.google.com/store/details/4b7f307c37364d659118bf7d435733c7rcp1/sku/3feef74cbacf4ba39b5d9087e0dfb9e4
Just Dance 2021,just-dance-2021.webp (https://dl.airtable.com/.attachments/21fb3ba2045b7a16c38f575e56defd19/21f7c63b/just-dance-2021.webp),Released,12.11.2020,,,60,HDR,,None,Ubisoft,Ubisoft,£49.99,$49.99,https://stadia.google.com/store/details/b87ca389d6454546af28dff82898406arcp1/sku/691ff561f94e4fe79a219434f4186862
Just Shapes & Beats,image.png (https://dl.airtable.com/.attachments/845bd3f6bb585e0382fe298ebdc81375/43036348/image.png),"Released,Previously Claimable with Pro",30.6.2020,3840x2160 (4K),jsab_proof.png (https://dl.airtable.com/.attachments/61ddc894b9612ac6a4df3fc620900667/b992b5fd/jsab_proof.png),60,HDR,"Pixel Count,Specs confirmed by devs/pubs",None,Berzerk,Berzerk,£15.99,$19.99,https://stadia.google.com/store/details/6b43cecd79734ba28cef5894985c65f1rcp1/sku/a8918900bd834426ab8f5a55fba998c7
Kaze and the Wild Masks,kaze-and-the-wild-masks.webp (https://dl.airtable.com/.attachments/a941598534a606cf1295b1359e22e200/27d994b9/kaze-and-the-wild-masks.webp),Released,25.3.2021,Pixel Art/Retro,cooltext380356929453699.png (https://dl.airtable.com/.attachments/475ecdcf7e4480cca1a198abb67f98d9/2d33cc01/cooltext380356929453699.png),60,,,None,"PixelHive,SOEDESCO Studios",SOEDESCO,£29.99,,https://stadia.google.com/store/details/46f42ce202a6460d897fb43f43e20846rcp1/sku/661e3e532e16441a8f79f09e369d1ebbp
Kemono Heroes,image.png (https://dl.airtable.com/.attachments/15d2c1aeb15d4dc333a9c334c2335bbf/f6a1415c/image.png),Released,1.4.2021,Pixel Art/Retro,cooltext380356929453699.png (https://dl.airtable.com/.attachments/6767308cfca74cbeaa332468a52cde2b/137b1af2/cooltext380356929453699.png),,,,None,Mad Gear Games SL,NIS America,£14.99,$14.99,https://stadia.google.com/store/details/81733d32e2db41f9a58b97aa80c0b2fcrcp1/sku/75f3878de6e64b6084650d3dabd25abap
Killer Queen Black,image.png (https://dl.airtable.com/.attachments/93fe24d352fe7442e8ff9965595edffb/bdda1c88/image.png),Released,30.3.2021,Pixel Art/Retro,cooltext380356929453699.png (https://dl.airtable.com/.attachments/b3d8725fb0766a0dc54a5393660ed56f/18689735/cooltext380356929453699.png),60,SDR,Not compatible with 4K mode,Full cross play,Liquid Bit,Liquid Bit,£16.99,,https://stadia.google.com/store/details/3f30ebc3799945fea323f8a663c35501rcp1/sku/70065c4266c5464ca068d225cd341902p
Kine,kine.webp (https://dl.airtable.com/.attachments/dbc34c2d3c17087a12ba8f103a20cbf7/877863a2/kine.webp),"Released,Previously Claimable with Pro",19.11.2019,3840x2160 (4K),kine_proof.png (https://dl.airtable.com/.attachments/00ce0c5de3a743b31d397f0aed7e12a2/eb92021e/kine_proof.png),60,SDR,"Pixel Count,Specs confirmed by devs/pubs",None,Chump Squad,Chump Squad,£19.99,$19.99,https://stadia.google.com/store/details/da94f3aa88b24eb6ae6fdff798f73355rcp1/sku/8d3124a81f6444219acd3d99c90a5658
Kona,image.png (https://dl.airtable.com/.attachments/358d3c250c6ffe4f4b17555778a1c1c0/8da559c2/image.png),"Released,Previously Claimable with Pro",1.8.2020,2560x1440 (2K),kona_proof.png (https://dl.airtable.com/.attachments/fe507694af3aabd20fd8c030467f5b4c/b3db7b4d/kona_proof.png),60,HDR,Pixel Count,None,Parabole,Koch Media,£12.99,$14.99,https://stadia.google.com/store/details/f5f9708a422a44cc876c240cfa07221drcp1/sku/12f3e5611c34478fb0285c6de4f2a8aa
Lara Croft and the Guardian of Light,lara-croft-and-the-guardian-of-light.webp (https://dl.airtable.com/.attachments/ef524ddbfcff57a87368192876dc28f8/9faf0c10/lara-croft-and-the-guardian-of-light.webp),"Released,Previously Claimable with Pro",22.12.2020,3840x2160 (4K),guardianofthelight_proof.png (https://dl.airtable.com/.attachments/d376bd107a2657f1f53523c4bbfafe98/53105c4a/guardianofthelight_proof.png),60,HDR,"No HDR settings,Pixel Count",None,"Crystal Dynamics,Nixxes",Square Enix,£11.99,$14.99,https://stadia.google.com/store/details/29b3d5d6788f444c8cd59aa0a49d1bd1rcp1/sku/b4f4f4de3d1e4eef9417a9c896513f0ap
Lara Croft and the Temple of Osiris,image.png (https://dl.airtable.com/.attachments/81c89fe33957aaab418229afd2c95936/5d831580/image.png),"Released,Previously Claimable with Pro",15.7.2020,2560x1440 (2K),tod_proof.png (https://dl.airtable.com/.attachments/023c7984bda4e4d7425decb5bb0d26ab/5ef0deaa/tod_proof.png),60,HDR,"Pixel Count,No HDR settings",None,Nixxes,Square Enix,£14.99,$19.99,https://stadia.google.com/store/details/6d0d865669774338b3ce888a84da6cdercp1/sku/163efc95783a4c39839c218b75e36127
Legend of Keepers: Career of a Dungeon Manager,image.png (https://dl.airtable.com/.attachments/e40b2ec665842fd2758d83a5f0c5dacc/e50c9be8/image.png),Released,29.4.2021,Pixel Art/Retro,cooltext380356929453699.png (https://dl.airtable.com/.attachments/dd6ca30811dea6a2b4d955ad1e1b2f1f/f72c2eda/cooltext380356929453699.png),60,HDR,No HDR settings,None,Goblinz Studio,Goblinz Studio,,,https://stadia.google.com/store/details/ba593716983f436ea49ae09a531d65b5rcp1/sku/83e17749482942da85f0c20ea0d47ca5p
Life is Strange: True Colors,life-is-strange-true-colors.webp (https://dl.airtable.com/.attachments/c266ccada1adce38d78ecb67c341b089/23cad68b/life-is-strange-true-colors.webp),Pre-order,10.9.2021,,,,,,None,"Square Enix,Deck Nine Games",Square Enix,£49.99,,https://stadia.google.com/store/details/00c1858d808f469297b1200c8383f5f5rcp1/sku/148d525554cc4dd6ac40cb61cd98e902p
Little Big Workshop,little-big-workshop.webp (https://dl.airtable.com/.attachments/ee4eeb68bdd16fd5027f62c8b9daf967/91bea692/little-big-workshop.webp),Released,5.11.2020,3840x2160 (4K),lbw_proof.png (https://dl.airtable.com/.attachments/4bba9a5246b083990e3dcd2b226d4e55/70d17bb9/lbw_proof.png),60,SDR,Pixel Count,None,Massive Miniteam,Handy Games,£17.99,$19.99,https://stadia.google.com/store/details/e4e8f5e5bc744270a644c554ba3f2962rcp1/sku/c00cecabcbde4e95bdab69be6e80b40bp
Little Nightmares,little-nightmares.webp (https://dl.airtable.com/.attachments/cfafa4449fb6cf7fa9ce61975721d5a2/a5a38f67/little-nightmares.webp),"Released,Previously Claimable with Pro",1.6.2020,3840x2160 (4K),,60,SDR,Pixel Count,None,Engine Software,BANDAI NAMCO Entertainment,£15.99,$29.99,https://stadia.google.com/store/details/3aed855f10b34f618e5f6c6f5467bcf9rcp1/sku/77ab8b1807a849e3991826d8d7a9e3e0
Little Nightmares 2,little-nightmares-ii.webp (https://dl.airtable.com/.attachments/a177603a76456c3e988d05c401456c44/09e75eb1/little-nightmares-ii.webp),"Released,Currently Claimable with Pro",11.2.2021,2880x1620 (3K),,60,SDR,Pixel Count,None,Supermassive Games,BANDAI NAMCO Entertainment,£24.99,$29.99,https://stadia.google.com/store/details/0175bc876f55414ca207b2ea6691cfb2rcp1/sku/657a67fa3574490aa63600ea1d4b5c2dp
Lost Words: Beyond the Page,lost-words-beyond-the-page.webp (https://dl.airtable.com/.attachments/eac542b1d5592ee674bcc14b1102a7fa/0e5822c7/lost-words-beyond-the-page.webp),Released,27.3.2020,,,60,HDR,,None,Sketchbook Games,Modus Games,£11.99,$14.99,https://stadia.google.com/store/details/d334bea27ee64ef5a3a9bb14b1d6a88ercp1/sku/ab6a5a0d448d4c7aaed8dfa91ad6f4b9
Madden 21,madden-nfl-21.webp (https://dl.airtable.com/.attachments/5661f9f512a43b4643e00bdcb411d81b/041dcc4a/madden-nfl-21.webp),Released,28.1.2021,3840x2160 (4K),madden_proof.png (https://dl.airtable.com/.attachments/fa1b947cb8f47ae4c1f1de1208bb11fb/8e9c3306/madden_proof.png),60,HDR,"Pixel Count,No HDR settings",None,Electronic Arts Inc.,Electronic Arts Inc,£59.99,$59.99,https://stadia.google.com/store/details/0e6c703afde840148204847447b9c21drcp1/sku/7f7cf21388134e2d9218968af61ab7dap
Marvel's Avengers,marvels-avengers.webp (https://dl.airtable.com/.attachments/2465af04fa15f494f05ea66622b9a74d/f15f8833/marvels-avengers.webp),Released,1.9.2020,3840x2160 (4K),,30,HDR,"Pixel Count,60FPS in 1080p mode",None,"Crystal Dynamics,Eidos Interactive,Nixxes",Square Enix,£59.99,$59.99,https://stadia.google.com/store/details/232ff8abc7f74421a477e9e09dbf487drcp1/sku/cfc62fc3307a4ef1930e4644646c8179p
Metro 2033 Redux,image.png (https://dl.airtable.com/.attachments/2a160859670408a0f84978de96af4d2a/9774ee9f/image.png),"Released,Previously Claimable with Pro",23.6.2020,2560x1440 (2K),metro_proof.png (https://dl.airtable.com/.attachments/b1f4c85ce847546f3983e47b4d5cefad/40cf532d/metro_proof.png),60,SDR,Pixel Count,None,4A Games,Koch Media,£15.99,$19.99,https://stadia.google.com/store/details/9b3ea6519cac48d68ca821f07b1a6a3drcp1/sku/de1e97332f1148468759dfc4553edad9
Metro Exodus,metro-exodus.webp (https://dl.airtable.com/.attachments/b30d4d4383009d4222dc017c11a9ac89/892b7730/metro-exodus.webp),"Released,Previously Claimable with Pro",19.11.2019,3840x2160 (4K),exodus_proof.png (https://dl.airtable.com/.attachments/22c0e5ad0e70debe65c47a2d1e14f583/6ad2b20b/exodus_proof.png),30,HDR,"Pixel Count,60FPS in 1080p mode",None,4A Games,Koch Media,£34.99,$39.99,https://stadia.google.com/store/details/879d82512f5441829250ead1aa678a70rcp1/sku/8ca5e97f091e4f7fbfcf8069ba850b1f
Metro Last Light Redux,image.png (https://dl.airtable.com/.attachments/09da1fd82db3d318ed4742bf3b281ce7/1aacb25e/image.png),"Released,Previously Claimable with Pro",23.6.2020,2560x1440 (2K),lastlight_proof.png (https://dl.airtable.com/.attachments/ffe3c8b76df06e63377658519a5e81f8/b0d53668/lastlight_proof.png),60,HDR,"Pixel Count,No HDR settings",None,4A Games,Koch Media,£15.99,$19.99,https://stadia.google.com/store/details/b65c1c4dcdf24446bcecda190c6a2fe7rcp1/sku/92cd0fa4958444b5846d1b72878c7e25
Monopoly,monopoly.webp (https://dl.airtable.com/.attachments/98dd4016f84d26e6187d29b2a74bcc46/7183661c/monopoly.webp),Released,28.4.2020,2560x1440 (2K),monopoly_proof.png (https://dl.airtable.com/.attachments/367f8d27957ead27557ea913a40006de/1228c5b8/monopoly_proof.png),60,SDR,Pixel Count,None,Engine Software,Ubisoft,£29.99,$39.99,https://stadia.google.com/store/details/10b8a9cc8ec746f29afc1fc3c3ded28brcp1/sku/256f320f886b4ee68b7980d6fc1bd1b1
Monster Boy and the Cursed Kingdom,image.png (https://dl.airtable.com/.attachments/05f320f0cd5ae1ca1ed3b5cb0a4cd7b1/0f49c9c4/image.png),"Released,Previously Claimable with Pro",1.7.2020,,,60,SDR,,None,FDG Entertainment,FDG Entertainment,£24.99,$39.99,https://stadia.google.com/store/details/ef14fb2f692c4b42b4b092d3e7864cd8rcp1/sku/38f772ac664545d99890ebb460d1d894
Monster Energy Supercross - The Official Videogame 3,image.png (https://dl.airtable.com/.attachments/f8a64417c4d64929bfd527c682cc84e6/a54bbb84/image.png),Released,4.2.2020,3840x2160 (4K),,30,HDR,"Pixel Count,60FPS in 1080p mode",None,Milestone,Milestone,£49.99,$59.99,https://stadia.google.com/store/details/d50e1c1b61224bceb65da9406f3f4e8frcp1/sku/3ac3e537019c49028d7bb98e8cd92482
Monster Energy Supercross - The Official Videogame 4,supercross-4.webp (https://dl.airtable.com/.attachments/a2477eb48730775b492bac71e9de9cb5/ba63e70b/supercross-4.webp),Released,11.3.2021,2880x1620 (3K),monster_supercross_4_proof.png (https://dl.airtable.com/.attachments/bdb77d2ffbdfd6d46be90e19e182bc7b/7e69bc94/monster_supercross_4_proof.png),30,HDR,"Pixel Count,Performance/Quality toggle,60FPS in 1080p mode",None,Milestone,Milestone,£49.99,$59.99,https://stadia.google.com/store/details/a62130f4b41b4878a00f8ec444df6b01rcp1/sku/5e700b58ae2546a2b5c4cc13da8f37a2p
Monster Jam Steel Titans,monster-jam-steel-titans.webp (https://dl.airtable.com/.attachments/13c6d6eafb7f6a697bba1759437d7f26/a907bfe6/monster-jam-steel-titans.webp),"Released,Previously Claimable with Pro",1.12.2020,3840x2160 (4K),Monster_Jam_Proof.png (https://dl.airtable.com/.attachments/a35bf740a5b1bab5b044d83749273741/a5901159/Monster_Jam_Proof.png),30,SDR,Pixel Count,None,Rainbow Studios,THQ Nordic,£26.99,$29.99,https://stadia.google.com/store/details/e7506ec75c8046dfa7879fe604505ca7rcp1/sku/2af064a6b4814ae6a280ab8018842623p
Monster Jam Steel Titans 2,monster-jam-steel-titans-2.webp (https://dl.airtable.com/.attachments/c3576d273ddd5d41a46f4247050c4d45/6a1b016f/monster-jam-steel-titans-2.webp),Released,2.3.2021,3840x2160 (4K),mjst2_proof.png (https://dl.airtable.com/.attachments/5138443f11e60ba6616e6a203766cc83/6616e0be/mjst2_proof.png),30,SDR,"Pixel Count,30FPS in 1080p mode",None,Rainbow Studios,THQ Nordic,£34.99,$39.99,https://stadia.google.com/store/details/3fa9461d9fbd4fb3855039d9b64ca736rcp1/sku/9fcd42244f3a456fa24dbc536564e457p
Mortal Kombat 11,mortal-kombat-11.webp (https://dl.airtable.com/.attachments/55eac1e6e1f320e3e3441d102071556b/700d5597/mortal-kombat-11.webp),Released,19.11.2019,2560x1440 (2K),mk11_proof.png (https://dl.airtable.com/.attachments/a0b861f00c88328a7974e2b3b5408f3b/157a5b01/mk11_proof.png),60,HDR,Pixel Count,None,QLOC,WB Games,£39.99,$59.99,https://stadia.google.com/store/details/7bfbcba307114ab88ae4231da2ec85d3rcp1/sku/f3f250e8a4d54f60ba730fbc04268052
MotoGP 20,motogp-20.webp (https://dl.airtable.com/.attachments/f2b075b5e64187c849d8ff9a2581e9a7/f182edf5/motogp-20.webp),"Released,Currently Claimable with Pro",23.4.2020,2560x1440 (2K),,30,HDR,"Pixel Count,60FPS in 1080p mode",None,Milestone,Milestone,£49.99,$59.99,https://stadia.google.com/store/details/e465c4086aff4884990933d9f119f5f5rcp1/sku/b0c60f8483be419eb2335a79a0783cc5
Murder by Numbers,murder-by-numbers.webp (https://dl.airtable.com/.attachments/d4e8d0b9790d277b20e4a6b9f580512e/f4b3d81e/murder-by-numbers.webp),Released,23.3.2021,1920x1080 (FHD),mbn_proof.png (https://dl.airtable.com/.attachments/4ec4d2498f22f7c7a54950190aec4692/c6d28ea4/mbn_proof.png),60,SDR,"Pixel Count,Not compatible with 4K mode",None,Mediatonic,Irregular Corp,£11.99,,https://stadia.google.com/store/details/ee055d3ed7d3485d81ee329ec554c207rcp1/sku/56f0d41333854907884b544e90a4c2a0p
Nanotale - Typing Chronicles,image.png (https://dl.airtable.com/.attachments/3002efc977991a378834b72448cffa11/6e05299d/image.png),Released,31.3.2021,3840x2160 (4K),nanotale_poroof.png (https://dl.airtable.com/.attachments/a338d50308850b3a14de48d3c80eef9f/c6b6fc72/nanotale_poroof.png),30,SDR,Pixel Count,None,Fishing Cactus,Fishing Cactus,,$19.99,https://stadia.google.com/store/details/4108770e33414848ae849cb6ad14e685rcp1/sku/32f70a285ee34bdfba4261237f869ad9p
NBA 2K20,nba-2k20.webp (https://dl.airtable.com/.attachments/d4e3564d085272bfb32c84d2c098206b/96f0290e/nba-2k20.webp),Released,19.11.2019,3840x2160 (4K),2k20_proof.png (https://dl.airtable.com/.attachments/de33aba9787fa54e9636922ce1c5076b/1c53a001/2k20_proof.png),30,HDR,"Pixel Count,60FPS in 1080p mode",None,2K Visual Concepts,2K,£39.99,$49.99,https://stadia.google.com/store/details/2afad3696b394f669b49e4c0b6016958rcp1/sku/b6d1b295ed0d4f1080576ac5d51df6d0
NBA 2K21,nba-2k21.webp (https://dl.airtable.com/.attachments/8b4dde62a40c084f5edda6d1d3ac624d/61cc73a9/nba-2k21.webp),Released,4.9.2020,3840x2160 (4K),nba2k21_proof.png (https://dl.airtable.com/.attachments/0851884831ebd765401f3d05879d5e06/1fbd80bc/nba2k21_proof.png),30,HDR,"Pixel Count,60FPS in 1080p mode",None,2K Visual Concepts,2K,£49.99,$59.99,https://stadia.google.com/store/details/b0a2ab7cdc194582bc4d111c07c2e30drcp1/sku/ae31d6ce393f4896b9b9d1f2f1ac676ep
OCTOPATH TRAVELER,image.png (https://dl.airtable.com/.attachments/6b5f7b01c8094d3535d7208cbef95fbf/41e924fa/image.png),Released,28.4.2020,Pixel Art/Retro,cooltext380356929453699.png (https://dl.airtable.com/.attachments/8c75ce1e9bd78dbc9b0de7733079cf00/047464f0/cooltext380356929453699.png),60,SDR,,None,Square Enix,Square Enix,£49.99,$59.99,https://stadia.google.com/store/details/48ead86182b14fe0afcc5f2927dbed51rcp1/sku/a6c13e6aa796439295774eb0e8cd3f8b
Olympic Games Tokyo 2020,olympic-games-tokyo-2020-the-official-video-game.webp (https://dl.airtable.com/.attachments/70e332cb997b81e60cebed39e7ae513d/715e2f32/olympic-games-tokyo-2020-the-official-video-game.webp),"""Announced, No Pre-order""",22.6.2021,,,,,,,,,,,
One Hand Clapping,image.png (https://dl.airtable.com/.attachments/0466ecbd555665df46803665e025407d/685c0186/image.png),Released,14.7.2020,3840x2160 (4K),onehand_proof.png (https://dl.airtable.com/.attachments/ad25e9a515a2db8d3b6282adfa64acea/35ef611c/onehand_proof.png),60,HDR,Pixel Count,None,Handy Games,Handy Games,£2.49,$2.99,https://stadia.google.com/store/details/76309b9f2f294b07b410e8b6aa879273rcp1/sku/55b718bf03544bd3a9f6a62946fe7436
Orcs Must Die 3,image.png (https://dl.airtable.com/.attachments/d46f5c98aa8ec16d8b032494e8d6b397/db4a4097/image.png),"Released,Currently Claimable with Pro",14.7.2020,3840x2160 (4K),omd3_proof.png (https://dl.airtable.com/.attachments/5946f6606176176c5802c58a88441c7c/0161f217/omd3_proof.png),60,HDR,"Pixel Count,Specs confirmed by devs/pubs",None,Robot Entertainment,Stadia Games and Entertainment,£24.99,$29.99,https://stadia.google.com/store/details/c1928530515748da9f55afc7243fd3e1rcp1/sku/fa63c6e891ff4d1bb76c4ac7580c119a
Outcasters,outcasters.webp (https://dl.airtable.com/.attachments/99ea848eb401a7e71785bfaa05423f69/3321b8b4/outcasters.webp),"Released,Previously Claimable with Pro",3.12.2020,,,60,HDR,No HDR settings,None,Splash Damage,Stadia Games and Entertainment,£19.99,$19.99,https://stadia.google.com/store/details/8533fb04b9174c3f8dce10a2fec7b062rcp1/sku/dbea776881b04301a1815e2ad662419a
Outriders,outriders.webp (https://dl.airtable.com/.attachments/2536a8297774a71365c9c480a3b20081/53a74073/outriders.webp),Released,1.4.2021,3840x2160 (4K),outriders_proof.png (https://dl.airtable.com/.attachments/1e415bb81b10cb0429694e586c94a621/1f186b98/outriders_proof.png),30,HDR,"Pixel Count,Performance/Quality toggle,60FPS in 1080p mode",,"Square Enix,People Can Fly,Virtuos",Square Enix,£59.99,$59.99,https://stadia.google.com/store/details/ad1e34961f2148568d215a8101df7693rcp1/sku/bd34045ef3d7485dba29ca6d629d8238p
Outward,outward.webp (https://dl.airtable.com/.attachments/f8262cc34eac3d93a3f63d2955a6fb45/36342f23/outward.webp),Released,30.11.2020,1920x1080 (FHD),outward_proof.png (https://dl.airtable.com/.attachments/59727922d92945552ff73e1c04730a2f/1341bf7e/outward_proof.png),60,SDR,"Pixel Count,Not compatible with 4K mode",None,Nine Dots Studio,Koch Media,£34.99,$39.99,https://stadia.google.com/store/details/8185df0ce9d74d61aab58a12d4bf21a0rcp1/sku/6eaae50957c0401e8d6d893bda9d9b97p
PAC-MAN Mega Tunnel Battle,pac-man-mega-tunnel-battle.webp (https://dl.airtable.com/.attachments/d671b59a435b926fd9f358b60ae5a71a/c3b2e864/pac-man-mega-tunnel-battle.webp),"Released,Currently Claimable with Pro",17.11.2020,3840x2160 (4K),pacman_proof.png (https://dl.airtable.com/.attachments/51856d43f84d0d33b890c119e5583dc5/bd0677b5/pacman_proof.png),60,SDR,Pixel Count,None,Heavy Iron,BANDAI NAMCO Entertainment,£16.99,$19.99,https://stadia.google.com/store/details/9affbc684aeb422086bfb5d0c8bf2f55rcp1/sku/5fa0d3e596d74c018b6778dab6098edcp
Panzer Dragoon: Remake,panzer-dragoon-remake.webp (https://dl.airtable.com/.attachments/d99ee8cb885344e63aeae5faf9b8ac03/b83e2dcf/panzer-dragoon-remake.webp),"Released,Previously Claimable with Pro",1.6.2020,3840x2160 (4K),panzer_proof.png (https://dl.airtable.com/.attachments/ca5d4ff2ac24d201dd25ccd8fbbea026/0f86bec3/panzer_proof.png),60,HDR,"Pixel Count,Specs confirmed by devs/pubs",None,Forever Entertainment,Forever Entertainment,£21.99,$24.99,https://stadia.google.com/store/details/ffda0b7e397243f8956f92f89b6902c4rcp1/sku/ac819b64342841eda35cebfd3a34c769
PGA TOUR 2K21,image.png (https://dl.airtable.com/.attachments/2e374df47a684bb9c586ff5a8050b093/a4efc616/image.png),Released,21.8.2020,3840x2160 (4K),,30,SDR,"Pixel Count,30FPS in 1080p mode",None,ILLOGIKA,2K,£49.99,$59.99,https://stadia.google.com/store/details/6a2ac2fc8e684c41b5c14981dcb454fdrcp1/sku/9c7fd0f16817482c9e0b311a8340cb0b
Phoenix Point,phoenix-point.webp (https://dl.airtable.com/.attachments/4632b2a0896c8630a8d8591d8a2395dc/ce4623a3/phoenix-point.webp),Released,26.1.2021,3840x2160 (4K),phoenix_point_proof.png (https://dl.airtable.com/.attachments/46b00b585115b2d65d53598f89388cd3/d8ad684c/phoenix_point_proof.png),30,HDR,Pixel Count,None,Snapshot Games,Snapshot Games,£54.99,$59.99,https://stadia.google.com/store/details/18ea8c5d2f7e4f40ad783a512da8ef91rcp1/sku/27099d8546ee4bcfbd172b5a4071c399p
PHOGS!,phogs.webp (https://dl.airtable.com/.attachments/ed1c7cb4c2a81980afc965f96a02e86e/2c92b206/phogs.webp),Released,3.12.2020,3840x2160 (4K),phogs_proof.png (https://dl.airtable.com/.attachments/b01114cd31538925b7b6ab8f57b0d3ea/66254252/phogs_proof.png),60,SDR,"Pixel Count,Specs confirmed by devs/pubs",None,Bit Loom Games,Coatsink,£24.99,$24.99,https://stadia.google.com/store/details/05b9db9b9b5b489995568afd930a9db3rcp1/sku/6efd691ecc1c4c50a1a314bb085fb2d7p
Pikuniku,pikuniku.webp (https://dl.airtable.com/.attachments/e3f78be1aa5387050f70c3375ec1a4d1/ef26b7af/pikuniku.webp),"Released,Currently Claimable with Pro",9.2.2021,3840x2160 (4K),pikuniku_proof.png (https://dl.airtable.com/.attachments/923e85d9bb36150aff89868be5de0069/cd73c4a5/pikuniku_proof.png),30,SDR,"Pixel Count,30FPS in 1080p mode",None,Sectordub,Devolver Digital,£10.99,,https://stadia.google.com/store/details/c02a86f966b044569ee03f80fbc86035rcp1/sku/f1bbad79434f496bae9865248c6c136ap
PixelJunk Raiders,image.png (https://dl.airtable.com/.attachments/f3041e65fe315cdba55bd01f164caa3f/9b1f76c2/image.png),"Released,Currently Claimable with Pro",1.3.2021,2880x1620 (3K),pixeljunk_proof.png (https://dl.airtable.com/.attachments/42d718e2a54c0323c015113e9bb61d17/de97d214/pixeljunk_proof.png),60,SDR,Pixel Count,None,Q-Games,Q-Games,£19.99,$19.99,https://stadia.google.com/store/details/5903b3b139194aefa713f216669ee334rcp1/sku/45405fbb56ad4f9fa280d60a6bb57b08p
PLAYERUNKNOWN'S BATTLEGROUNDS,playerunknowns-battlegrounds.webp (https://dl.airtable.com/.attachments/f1e73666e135625142b43a564cf5ebde/9691521b/playerunknowns-battlegrounds.webp),"Released,Currently Claimable with Pro",28.4.2020,2560x1440 (2K),pubg_proof.png (https://dl.airtable.com/.attachments/3d40761ca9fbe19bc66964243d51bc16/c3e9f697/pubg_proof.png),60,HDR,"Pixel Count,Specs confirmed by devs/pubs",Partial Cross play,PUBG Corporation,PUBG Corporation,£29.99,$29.99,https://stadia.google.com/store/details/a4c5eb3f4e614b7fadbba64cba68f849rcp1/sku/71e7c4fc5ca24f0f8301da6d042bf18e
Power Rangers: Battle for the Grid,power-rangers-battle-for-the-grid.webp (https://dl.airtable.com/.attachments/d29572740d59b5c679d82917968e4d46/a82185d0/power-rangers-battle-for-the-grid.webp),"Released,Previously Claimable with Pro",1.6.2020,1920x1080 (FHD),powerangers_proof.png (https://dl.airtable.com/.attachments/7c0a88c7d67dee22cc27b2a0bc26cc19/f845c388/powerangers_proof.png),60,SDR,"Pixel Count,Not compatible with 4K mode",Full cross play,NWay,NWay,£15.99,$19.99,https://stadia.google.com/store/details/bbb1a143aa3449a5a1f236a05c305c9frcp1/sku/fe5459c281d9443ca8f0e420f59936fc
RAGE 2,rage-2.webp (https://dl.airtable.com/.attachments/9bb1a2124e66f827c9981791dbf80cc4/11d81986/rage-2.webp),Released,19.11.2019,1920x1080 (FHD),rage_proof.png (https://dl.airtable.com/.attachments/fac2605fba95fead33f5a7927f1dc319/e51b6005/rage_proof.png),60,SDR,"Pixel Count,Specs confirmed by devs/pubs",None,Avalanche Studios,Bethesda Softworks,£39.99,$59.99,https://stadia.google.com/store/details/8615c857d7d54efebd94fe17e3f2896crcp1/sku/78ea22fb5c054167bb722322b469f33f
Red Dead Redemption 2,red-dead-redemption-2.webp (https://dl.airtable.com/.attachments/236af5f42a3f1b76bd4900e5baca106d/e323a4ef/red-dead-redemption-2.webp),Released,19.11.2019,2560x1440 (2K),RDR2_proof.png (https://dl.airtable.com/.attachments/86afbe02353f1051751a4e7ee20f6804/6ab9a2b0/RDR2_proof.png),30,HDR,"Pixel Count,Performance/Quality toggle,60FPS in 1080p mode",None,Rockstar Games,Rockstar Games,£54.99,$59.99,https://stadia.google.com/store/details/2152a1e96d5b47b18a5df7ca9bb0751frcp1/sku/f790e37b6161477188923408085528a1
Reigns,reigns.webp (https://dl.airtable.com/.attachments/17832e4cade0b96353b257f2ba4a8410/5885e63d/reigns.webp),"Released,Previously Claimable with Pro",22.12.2020,3840x2160 (4K),reigns_proof.png (https://dl.airtable.com/.attachments/559e6d7bb67b36a7d4071b821f56689e/a80e9a23/reigns_proof.png),60,SDR,Pixel Count,None,Neiral Ltd,Devolver Digital,£1.99,$2.99,https://stadia.google.com/store/details/2677ffb357f946e29b4e86a9f18ea55frcp1/sku/0b415b02e06f452f8be948daf77787c1p
Relicta,image.png (https://dl.airtable.com/.attachments/fc15754427555e560d626047e95d3bc3/328de200/image.png),Released,4.8.2020,2496x1404,relicta_proof.png (https://dl.airtable.com/.attachments/d12e0518f1c67ab2f2c467af1a1a4845/5dfb1d61/relicta_proof.png),60,HDR,Pixel Count,None,Mighty Polygon,Koch Media,£15.99,$19.99,https://stadia.google.com/store/details/ed05d9df2ec4452594b07336e360a1aarcp1/sku/f139cbd41135461a83da504824a5d382
République,republique.webp (https://dl.airtable.com/.attachments/2319e40222434c2c86504dfb9a94ad1a/01c636d0/republique.webp),"Released,Currently Claimable with Pro",15.9.2020,3840x2160 (4K),repub_oriif.png (https://dl.airtable.com/.attachments/811e7c360c25d1505f5a8b7cf4d2cd7e/c3a53fbc/repub_oriif.png),60,SDR,"Pixel Count,Specs confirmed by devs/pubs",None,Camoflaj Studios,Camoflaj Studios,£8.99,$9.99,https://stadia.google.com/store/details/65864a95f9e74129845bda0467486413rcp1/sku/2a4af85a84974cdba4d61df620305335
Resident Evil 7 biohazard,image.png (https://dl.airtable.com/.attachments/58bde81ac9093ddf1661e52a30be261c/4a4541f0/image.png),"Released,Currently Claimable with Pro",1.4.2021,2304x1296,resident_evil_proof.png (https://dl.airtable.com/.attachments/515582c9c100dcd6885387bbf70f07a9/35131d0b/resident_evil_proof.png),60,HDR,Pixel Count,None,Capcom,Capcom,,,https://stadia.google.com/store/details/8c452d1e69554c36a28b64ee8344037drcp1/sku/29857d666ee24e56a7c52ce2f8f561b4p
Resident Evil Village,image.png (https://dl.airtable.com/.attachments/34323d877eee03c5aee17c2c4cc7e20e/9956ccbd/image.png),Released,7.5.2021,2304x1296,RE8_demo_proof.png (https://dl.airtable.com/.attachments/7601ae9e61668b939d3fd54cf373b97f/7e0e5b36/RE8_demo_proof.png),60,HDR,Pixel Count,None,Capcom,Capcom,,,https://stadia.google.com/store/details/c44439c4ee1741b383c93996985efddfrcp1/sku/e86757e0c8a04164b05c501585af600cp
Rise of the Tomb Raider: 20 Year Celebration,rise-of-the-tomb-raider-20-year-celebration.webp (https://dl.airtable.com/.attachments/a7f21dc5f1f0d722d4b1b60264c2a6d4/7d2dd2f8/rise-of-the-tomb-raider-20-year-celebration.webp),"Released,Previously Claimable with Pro",19.11.2019,3840x2160 (4K),riseottr_proof.png (https://dl.airtable.com/.attachments/c76d180b8f2e0b4cefe7a0892639d645/8e1fead8/riseottr_proof.png),30,HDR,"Pixel Count,Performance/Quality toggle,60FPS in 1080p mode",None,"Crystal Dynamics,Eidos Interactive,Nixxes",Square Enix,£24.99,$29.99,https://stadia.google.com/store/details/e5c6ec7bf437491ea4ac0917df8f9640rcp1/sku/f5562aaf93cb46e081d317263bde3013
Risk of Rain 2,risk-of-rain-2.webp (https://dl.airtable.com/.attachments/6415d06d0a899c93caab074c17db8a11/5a1f434c/risk-of-rain-2.webp),"Released,Previously Claimable with Pro",29.9.2020,1920x1080 (FHD),ror_proof.png (https://dl.airtable.com/.attachments/8412e043c019eb8f3f90af35455beabf/6ef75a4b/ror_proof.png),60,SDR,Pixel Count,None,"Hopoo Games,PlayEveryWare",Gearbox Publishing,£19.99,$24.99,https://stadia.google.com/store/details/7b6d79b833354dcaa9b2461086a7763crcp1/sku/5470776eda9b4270b049f081c6bc07ce
Rock of Ages 3: Make and Break,image.png (https://dl.airtable.com/.attachments/04eb6b06fce435d90e449ae59ab5296e/0ec1e646/image.png),"Released,Previously Claimable with Pro",14.8.2020,3840x2160 (4K),roa_proof.png (https://dl.airtable.com/.attachments/7afd0acbc435f25f0452f18e8b5a292d/5b294f0e/roa_proof.png),60,HDR,"Pixel Count,No HDR settings",None,Modus Games,Modus Games,£24.99,$39.99,https://stadia.google.com/store/details/d3d8e467203d401387857d5b6cc27263rcp1/sku/5251fd4e832d459ca046e6eb81b16809
Saints Row: The Third Remastered,image.png (https://dl.airtable.com/.attachments/625dea7f3503043d1885b4e5c745b495/61ef8cf8/image.png),Released,5.3.2021,2112x1188,saints_row_proof.png (https://dl.airtable.com/.attachments/977c305a0064b63a893f249a39a3e801/90236304/saints_row_proof.png),60,HDR,Pixel Count,None,Deep Silver FISHLABS,Koch Media,£34.99,$39.99,https://stadia.google.com/store/details/8d30307256df491c9d578792d11bd474rcp1/sku/100d5974a44743d89ceeae4db9246a41p
SAMURAI SHODOWN (Standard Ver.),samurai-shodown.webp (https://dl.airtable.com/.attachments/0d345304dfde2b4157fbfcadda948f8e/7006cb86/samurai-shodown.webp),"Released,Previously Claimable with Pro",19.11.2019,2560x1440 (2K),ss_proof.png (https://dl.airtable.com/.attachments/28bb2e1c4b66201082bb3ab44d10c730/58d9ec6c/ss_proof.png),60,HDR,Pixel Count,None,SNK,SNK,£47.99,$59.99,https://stadia.google.com/store/details/120348c2707740b99b509fad49a2f45drcp1/sku/888a817c35b5439bb6a03a78ab09e138
Scott Pilgrim VS The World: The Game Complete Edition,scott-pilgrim-vs-the-world-the-game.webp (https://dl.airtable.com/.attachments/b3d257f9000f6c504e8d5a3a8b7e7cc9/109d63bb/scott-pilgrim-vs-the-world-the-game.webp),Released,14.1.2021,Pixel Art/Retro,cooltext380356929453699.png (https://dl.airtable.com/.attachments/07dd478b5dc83ea11dc1bc0eae9ff8ea/d6f92b3b/cooltext380356929453699.png),60,SDR,,None,Engine Software,Ubisoft,£11.99,$14.99,https://stadia.google.com/store/details/a3725b4a70aa4447b4c193125f3a2529rcp1/sku/bf065d3d3dca4d0e8d68418f66d3afa1p
Secret Neighbor,secret-neighbor.webp (https://dl.airtable.com/.attachments/707cbf0c5597ff3582539224d8968fc5/920f4bf0/secret-neighbor.webp),"Released,Previously Claimable with Pro",1.12.2020,1920x1080 (FHD),secret_proof.png (https://dl.airtable.com/.attachments/08e2726c5f629beffc422f91ea4846dc/20aa816f/secret_proof.png),60,SDR,"Pixel Count,Not compatible with 4K mode",None,Hologryph LLC,TinyBuild,£19.99,$19.99,https://stadia.google.com/store/details/8f8d583a2ae843e0b31fa653cea5d27drcp1/sku/5f1dfba8e3d64b3bbd4979c504cea096p
Sekiro: Shadows Die Twice,sekiro-shadows-die-twice.webp (https://dl.airtable.com/.attachments/38d1d993e621e261a34cc875332de6b2/4ab2545d/sekiro-shadows-die-twice.webp),Released,28.10.2020,1920x1080 (FHD),sekiro_proof.png (https://dl.airtable.com/.attachments/1e5c8dc6122c7619bbf409af13433188/ac66bc33/sekiro_proof.png),60,HDR,Pixel Count,None,FromSoftware,FromSoftware,£49.99,$59.99,https://stadia.google.com/store/details/cc3f233990754f77a5819a583594f399rcp1/sku/2a1351f516904ed190546d1b82934bd1
Serious Sam 4,serious-sam-4.webp (https://dl.airtable.com/.attachments/1ebe4e30565561170b2e5aeeb78d3dee/02063d0b/serious-sam-4.webp),Released,24.9.2020,2560x1440 (2K),,30,HDR,"Pixel Count,30FPS in 1080p mode",None,Croteam,Devolver Digital,£39.99,$39.99,https://stadia.google.com/store/details/b3bd32ef05444a189dcdc88f8e85d7f2rcp1/sku/3ff11dc4d2bf449f89c89bf329003e10
Serious Sam Collection,serious-sam-collection.webp (https://dl.airtable.com/.attachments/aa051bd28f7bb32f36136d0cbcb48fcc/19d44c0d/serious-sam-collection.webp),"Released,Previously Claimable with Pro",3.3.2020,2560x1440 (2K),sscol_proof.png (https://dl.airtable.com/.attachments/79c73db7bbedbe1d570bfa892b2d34fa/92aa5d29/sscol_proof.png),60,SDR,Pixel Count,None,Croteam,Devolver Digital,£29.99,$29.99,https://stadia.google.com/store/details/cabec52b78264dafac69011aeacd5753rcp1/sku/45918155e78145af937b5df1a574afd2
Shadow of the Tomb Raider Definitive Edition,shadow-of-the-tomb-raider-definitive-edition.webp (https://dl.airtable.com/.attachments/ee1b34d989dbae0100734e108602b3a5/6996f626/shadow-of-the-tomb-raider-definitive-edition.webp),Released,19.11.2019,3840x2160 (4K),trde_proof.png (https://dl.airtable.com/.attachments/28a1ff44d1789d92e379f266d424e843/955261fd/trde_proof.png),30,HDR,"Pixel Count,Specs confirmed by devs/pubs,Performance/Quality toggle,60FPS in 1080p mode",None,"Crystal Dynamics,Eidos Interactive,Nixxes",Square Enix,£49.99,$59.99,https://stadia.google.com/store/details/efa3b6108d3e41689b2223ba9d48f5c8rcp1/sku/bb9bcb490fd145d9997c8b3ff3f1039f
Shantae: Half-Genie Hero,image.png (https://dl.airtable.com/.attachments/b9a34152578cd101b42bd3508fb1a328/71639dfd/image.png),Released,23.2.2021,,,60,SDR,Not compatible with 4K mode,None,WayForward,WayForward,£29.99,$29.99,https://stadia.google.com/store/details/bd913a37ecfe4b8d8c68280f4e1781bbrcp1/sku/45199edf77734e3db46b181843a9fe75p
Shantae: Risky's Revenge - Director's Cut,image.png (https://dl.airtable.com/.attachments/d28c61779be6cfa4fe5c141f43ebcda8/eadaf2d8/image.png),Released,23.2.2021,Pixel Art/Retro,cooltext380356929453699.png (https://dl.airtable.com/.attachments/6ea51f6b73893240d2fbea86d449dd7b/29754745/cooltext380356929453699.png),60,SDR,Not compatible with 4K mode,None,WayForward,WayForward,£8.99,$9.99,https://stadia.google.com/store/details/4fe5de76fee2427591e4a61d046a20d0rcp1/sku/e8eeb695a5194e3e8e412f41d99db082p
Sniper Elite 4,sniper-elite-4.webp (https://dl.airtable.com/.attachments/cda64d89e0e5e6278ca012016516c218/f4af781c/sniper-elite-4.webp),"Released,Previously Claimable with Pro",1.11.2020,2560x1440 (2K),sniperelite_proof.png (https://dl.airtable.com/.attachments/37eef35066cdd3bf57cd8fd293b91a85/2787ac91/sniperelite_proof.png),60,HDR,"No HDR settings,Pixel Count",None,Rebellion,Rebellion,£49.99,$59.99,https://stadia.google.com/store/details/1376a179ca87458b85acd44341854772rcp1/sku/b485ca2ff43a4c658b32bd638546142cp
Spiritfarer,image.png (https://dl.airtable.com/.attachments/4fe65b5f1a08f229e5fbe1104609dcc3/b94173e7/image.png),Released,21.8.2020,1920x1080 (FHD),spiritfar_proof.png (https://dl.airtable.com/.attachments/22e29a90c1f602d0a2bb28d1cdef17f2/e08facc1/spiritfar_proof.png),60,SDR,"Not compatible with 4K mode,Pixel Count,Specs confirmed by devs/pubs",None,Thunder Lotus Games,Thunder Lotus Games,£23.99,$29.99,https://stadia.google.com/store/details/430bbe284fb7482c9afe8e877b119269rcp1/sku/5582aa71e58a45e59a05598a93cde9a3
Spitlings,spitlings.webp (https://dl.airtable.com/.attachments/3793bfbd97fd26b9ba5f100492908fc2/cc4063b0/spitlings.webp),"Released,Previously Claimable with Pro",25.2.2020,3840x2160 (4K),,60,SDR,"Pixel Count,Specs confirmed by devs/pubs",None,Massive Miniteam,Handy Games,£12.99,$14.99,https://stadia.google.com/store/details/921e9afe46aa478fb4aa929a7b1a6bd5rcp1/sku/f16b28e2fd224acaafeee4c19134adb4
SpongeBobSquarePants:Battle for Bikini BottomRehydrated,spongebob-squarepants-battle-for-bikini-bottom-rehydrated.webp (https://dl.airtable.com/.attachments/98d86426143e34681443bf6e5451c0f9/fb49277e/spongebob-squarepants-battle-for-bikini-bottom-rehydrated.webp),"Released,Currently Claimable with Pro",8.12.2020,1920x1080 (FHD),sbsp_proof.png (https://dl.airtable.com/.attachments/296ab050ebc1af422fd4366ddf6d4ecd/2d7c9e2a/sbsp_proof.png),60,SDR,"Pixel Count,Not compatible with 4K mode",None,Purple Lamp Studios,THQ Nordic,£26.99,$29.99,https://stadia.google.com/store/details/53bd183291e340dda697167108d3dc6brcp1/sku/a25302b5cbc44d03b1440d2adaa0dd5ap
Stacks On Stacks (On Stacks),stacks-on-stacks-on-stacks.webp (https://dl.airtable.com/.attachments/737be8c17ca4261dc2b8f07ff6132938/dce0fded/stacks-on-stacks-on-stacks.webp),"Released,Previously Claimable with Pro",1.4.2020,3840x2160 (4K),stacks_proof.png (https://dl.airtable.com/.attachments/633df3cb1bfafd87b3a7b02aec0d16a9/4579aff9/stacks_proof.png),60,SDR,Pixel Count,None,Herringbone Games,Herringbone Games,£9.99,$12.99,https://stadia.google.com/store/details/15a067411b8d4429b0954434d8f05d48rcp1/sku/7ed521aacf2a44168fb99cd1e13472ad
Star Wards Jedi: Fallen Order,star-wars-jedi-fallen-order.webp (https://dl.airtable.com/.attachments/8980b22ea9fe84263e5b51ac397260a9/4b87a94a/star-wars-jedi-fallen-order.webp),"Released,Currently Claimable with Pro",24.11.2020,1920x1080 (FHD),star_wars_proof.png (https://dl.airtable.com/.attachments/cd9912a8bc030d791a2c73fd110f7655/e942faf8/star_wars_proof.png),60,HDR,"Pixel Count,No HDR settings",None,Respawn Interactive,Electronic Arts Inc,£59.99,$59.99,https://stadia.google.com/store/details/36c01626f21f428e8d5ae35ce19c774brcp1/sku/73f14fd59eb3417c8439562f54d2fc4a
SteamWorld Dig,steamworld-dig.webp (https://dl.airtable.com/.attachments/9e8fe1d94c89229257356ed3383da0f3/9b3d0c10/steamworld-dig.webp),"Released,Currently Claimable with Pro",10.3.2020,1920x1080 (FHD),swd_proof.png (https://dl.airtable.com/.attachments/4d18a6e2d35d1614780c1d8e65607b6d/e41448dc/swd_proof.png),60,HDR,"No HDR settings,Pixel Count,Specs confirmed by devs/pubs",None,Image and Form,Image and Form,£6.99,$9.99,https://stadia.google.com/store/details/c4898519ff254b969ede8bafdff927e8rcp1/sku/f6658df6c8874c828532d5d24c66d58f
SteamWorld Dig 2,steamworld-dig-2.webp (https://dl.airtable.com/.attachments/fd6f53421a074a6408b560009f60fb2f/8512f392/steamworld-dig-2.webp),"Released,Previously Claimable with Pro",1.3.2020,1920x1080 (FHD),swd2_proof.png (https://dl.airtable.com/.attachments/5f64ddf59818fa9746cda33ecae0b57d/92ff30e5/swd2_proof.png),60,HDR,"No HDR settings,Pixel Count,Specs confirmed by devs/pubs",None,Image and Form,Image and Form,£14.99,$19.99,https://stadia.google.com/store/details/b832835182124d4d83cb76a74a76a33frcp1/sku/90f5bd9270024986b26ee8221c1fa2e4
SteamWorld Heist,steamworld-heist.webp (https://dl.airtable.com/.attachments/14ed6fa72e7f6546cb7c9caa2762c2fe/821aeef2/steamworld-heist.webp),"Released,Previously Claimable with Pro",10.3.2020,3840x2160 (4K),swh_proof.png (https://dl.airtable.com/.attachments/5e62c2cbf8b77529d360bb161d532d76/f2ac7404/swh_proof.png),60,HDR,"No HDR settings,Pixel Count",None,Image and Form,Image and Form,£11.99,$19.99,https://stadia.google.com/store/details/819cdf4b7ff94947941106571ccf41e5rcp1/sku/f47a1e1e9f0b43078e0a80c57068b085
SteamWorld Quest: Hand of Gilgamech,steamworld-quest-hand-of-gilgamech.webp (https://dl.airtable.com/.attachments/33e8fcd22637c8c4f973461f1f356d18/7a6f13df/steamworld-quest-hand-of-gilgamech.webp),"Released,Previously Claimable with Pro",1.3.2020,1920x1080 (FHD),swq_proof.png (https://dl.airtable.com/.attachments/f177249bc89fe0ea06dfb8ebf6dac548/4f6c7b46/swq_proof.png),60,HDR,"No HDR settings,Pixel Count,Specs confirmed by devs/pubs",None,Image and Form,Image and Form,£21.99,$24.99,https://stadia.google.com/store/details/b845605f8eb447008f3f0d2295265ffdrcp1/sku/a1afa4eca7b24713a9bcf3421dd85a13
Strange Brigade,image.png (https://dl.airtable.com/.attachments/061d5fcefe3c9814f1a4c50eaeef4354/48c6200d/image.png),"Released,Previously Claimable with Pro",1.8.2020,2560x1440 (2K),strange_brig_proof.png (https://dl.airtable.com/.attachments/eab66e1b5a50641861a2ee9a647ee2c8/ae472189/strange_brig_proof.png),60,HDR,Pixel Count,None,Rebellion,Rebellion,£39.99,$49.99,https://stadia.google.com/store/details/8e77c7a4368944589b4c9d8179d2eb4crcp1/sku/2d155b69c4af46078db2d96a8b0e6883
Street Power Football,street-power-football.webp (https://dl.airtable.com/.attachments/bfb1d6edf42560711e6c0b339fa51fcf/e4170816/street-power-football.webp),Released,11.5.2021,1920x1080 (FHD),streetpf_proof.png (https://dl.airtable.com/.attachments/7e1284179ff742b2c801aa98b8864834/4a0e4e30/streetpf_proof.png),60,SDR,"Pixel Count,Not compatible with 4K mode",None,Poppy Works,Maximum Games,£24.99,,https://stadia.google.com/store/details/a997c2d05c1b4680b47e376367c187ecrcp1/sku/10d1a160b6904ccba713cafbfe431856p
Submerged: Hidden Depths,submerged-hidden-depths.webp (https://dl.airtable.com/.attachments/cacfedace58bc2127b05bed1eb2906ca/b7317321/submerged-hidden-depths.webp),"Released,Currently Claimable with Pro",3.12.2020,1920x1080 (FHD),submerged_proof.png (https://dl.airtable.com/.attachments/4c9060b80a9baeb9a38fb84d57591fa7/42115093/submerged_proof.png),60,HDR,Pixel Count,None,Uppercut Games,Stadia Games and Entertainment,£0.00,$19.99,https://stadia.google.com/store/details/3c39a33bbc064308941f9276c38c30e7rcp1/sku/07b0ea07f5554f70a2675fe696b4c9ebp
Sundered: Eldritch Edition,sundered-eldritch-edition.webp (https://dl.airtable.com/.attachments/d8809be82afb0a0f685274ff7958cee1/8bb918d9/sundered-eldritch-edition.webp),"Released,Previously Claimable with Pro",26.5.2020,1920x1080 (FHD),,60,SDR,"Not compatible with 4K mode,Pixel Count,Specs confirmed by devs/pubs",None,Thunder Lotus Games,Thunder Lotus Games,£15.99,$19.99,https://stadia.google.com/store/details/5ec4424b963f44d18d0016322c19c9f0rcp1/sku/788a1f7b00f74b26b12d7c6d62d50d96
SUPER BOMBERMAN R ONLINE,super-bomberman-r-online.webp (https://dl.airtable.com/.attachments/8f7c3cbab7537950ddbdbfcc05fcf715/7889efbf/super-bomberman-r-online.webp),"Released,Previously Claimable with Pro",1.9.2020,2560x1440 (2K),bomber_proof.png (https://dl.airtable.com/.attachments/11729eb03e8c501a0b813bbc7adad422/f715fae2/bomber_proof.png),60,SDR,Pixel Count,None,Konami,Konami,£0.00,$0.00,https://stadia.google.com/store/details/2847419bbb5146ed877a308d9884f504rcp1/sku/e57401bfbe4f4dd98fdfd05b0c75acb5
SUPERHOT,superhot.webp (https://dl.airtable.com/.attachments/6acdf6f85baad1277ed481aa6c0ea85c/c6647f36/superhot.webp),"Released,Previously Claimable with Pro",1.6.2020,3840x2160 (4K),sh_proof.png (https://dl.airtable.com/.attachments/d0d834199901a13c97bdf63b8c7665f3/b6bf23cc/sh_proof.png),60,SDR,"Pixel Count,Specs confirmed by devs/pubs",None,SUPERHOT,SUPERHOT,£19.99,$24.99,https://stadia.google.com/store/details/f7afcff709e74227a5648aacadf03815rcp1/sku/ce8a411f4dc2470da828fc259c584aa5
Superhot: Mind Control Delete,image.png (https://dl.airtable.com/.attachments/67c76231b108cc42f6f070c05892ea44/f95fe454/image.png),"Released,Previously Claimable with Pro",18.8.2020,3840x2160 (4K),mcd_proof.png (https://dl.airtable.com/.attachments/e440cdb7e9adda674998b6252eb8a797/07ef44f8/mcd_proof.png),60,SDR,"Pixel Count,Specs confirmed by devs/pubs",None,SUPERHOT,SUPERHOT,£19.99,$24.99,https://stadia.google.com/store/details/382fe14629e148449e7b8f94e8aecb38rcp1/sku/f491723b366248d18843107689f3ead6
Terraria,image.png (https://dl.airtable.com/.attachments/d75672c64d754515c20a60f38f23f6e6/b08e782a/image.png),Released,18.3.2021,Pixel Art/Retro,cooltext380356929453699.png (https://dl.airtable.com/.attachments/ca76a88782e3fb87300ba8767b7a69f6/08981303/cooltext380356929453699.png),60,SDR,,None,"Re-Logic,DR Studios",505 Games,,,https://stadia.google.com/store/details/774b82b8c1194dc2acc13a268c4ea7c7rcp1/sku/f308e50758b64693bd6314550bd249aep
The Crew 2,the-crew-2.webp (https://dl.airtable.com/.attachments/8a3b7da5cb88f473f2536242becd1082/b8720827/the-crew-2.webp),Released,25.3.2020,1920x1080 (FHD),crew2_proof.png (https://dl.airtable.com/.attachments/09e2756af08e83565faec325afd1f9cd/1add94d7/crew2_proof.png),30,SDR,"30FPS in 1080p mode,Pixel Count",None,Ubisoft,Ubisoft,£39.99,$49.99,https://stadia.google.com/store/details/cc97434908874852a6705d255a605dc8rcp1/sku/94db678cbb6342c3bc0e58f71130b3fb
The Darkside Detective,the-darkside-detective-season-2.webp (https://dl.airtable.com/.attachments/683f15035bd479727cbb7ec08679778d/3f48b7fd/the-darkside-detective-season-2.webp),Released,8.4.2021,Pixel Art/Retro,cooltext380356929453699.png (https://dl.airtable.com/.attachments/d418fe32619855d02b09e86bbfd8263e/055c6b8f/cooltext380356929453699.png),60,,,None,Spooky Doorway,Akupara Games,,,https://stadia.google.com/store/details/b465998ccc1c48aaa2fb74f331ebbdd7rcp1/sku/9d8c8bb162b6477ca2f2e5ee89f62b15p
The Darkside Detective: A Fumble in the Dark,image.png (https://dl.airtable.com/.attachments/c427d6f6e2bf5f6c818f5fcc9b214bcf/cbad874b/image.png),Released,15.4.2021,Pixel Art/Retro,cooltext380356929453699.png (https://dl.airtable.com/.attachments/805acac492109d8e4c977617c9567e7b/bd05a42d/cooltext380356929453699.png),,,,None,Spooky Doorway,Akupara Games,,,https://stadia.google.com/store/details/4e9c4e089aa5410cbffb3c1869d68925rcp1/sku/31d2c4b062e34650aa2ca3037e030355p
The Elder Scrolls Online,image.png (https://dl.airtable.com/.attachments/8fdfac1fb7ea5fec44ee7abdd19631c5/53230f26/image.png),"Released,Previously Claimable with Pro",16.6.2020,3840x2160 (4K),eso_proof.png (https://dl.airtable.com/.attachments/932aff285bedb155f0255c46f4c4bcb2/aa2f0811/eso_proof.png),30,HDR,"30FPS in 1080p mode,Pixel Count,Specs confirmed by devs/pubs","Partial Cross play,Cross buy,Cross save",Zenimax Online,Bethesda Softworks,£14.99,$19.99,https://stadia.google.com/store/details/b17f16d4a4f94c0a85e07f54dbdedbb6rcp1/sku/dad1cc5c8c1e45c38a83d125e59ea4b9
The Gardens Between,the-gardens-between.webp (https://dl.airtable.com/.attachments/d1bfdd6d7afa516cd181669235c8859d/342948d5/the-gardens-between.webp),"Released,Previously Claimable with Pro",1.11.2020,3840x2160 (4K),gardens_proof.png (https://dl.airtable.com/.attachments/51fb3be985db452dad656b64b2bb4dba/75a66350/gardens_proof.png),60,SDR,"Pixel Count,Specs confirmed by devs/pubs",None,The Voxel Agents,The Voxel Agents,£19.99,$19.99,https://stadia.google.com/store/details/cf65dc95d523465493d6fbc482452227rcp1/sku/86269481f3884521806398d7d875df9e
The Legend of Heroes: Trails of Cold Steel III,image.png (https://dl.airtable.com/.attachments/ae9f95192b96793450cae063533c33d5/f9570255/image.png),"Released,Currently Claimable with Pro",1.4.2021,,,,SDR,,None,"Engine Software,Reactor SC",NIS America,£59.99,$59.99,https://stadia.google.com/store/details/5de3aed0b1b4439887e1cb4458f9cec8rcp1/sku/692590363fe44ae9bbf8eb28c171a9afp
The Legend of Heroes: Trails of Cold Steel IV,image.png (https://dl.airtable.com/.attachments/5573067f89f15a6d294bf85639409082/b909b681/image.png),Released,9.4.2021,,,,,,None,"Reactor SC,Engine Software",NIS America,,,https://stadia.google.com/store/details/95d975e630f5443ca402b5d67c31323drcp1/sku/ae329268991c464cb99f32287c1bcabap
The Turing Test,the-turing-test.webp (https://dl.airtable.com/.attachments/1b2a120021d257df10f0cccdb8ff1eb8/474c891b/the-turing-test.webp),"Released,Previously Claimable with Pro",1.5.2020,3200x1800 (3.5K),turing_proof.png (https://dl.airtable.com/.attachments/b0eb1ccef5c77ff33cf349f123a6faea/44a9ca0a/turing_proof.png),60,SDR,Pixel Count,None,Bulkhead Interactive,Bulkhead Interactive,£15.99,$19.99,https://stadia.google.com/store/details/cfd2977e1b9f412387ca2f44848400acrcp1/sku/e8ed70244808408cbb7d3b2b1f06547f
Thumper,thumper.webp (https://dl.airtable.com/.attachments/e950483e37f8cd3ffb2c3f1883d6af3c/6bdd6e51/thumper.webp),"Released,Previously Claimable with Pro",19.11.2019,3840x2160 (4K),thumper_proof.png (https://dl.airtable.com/.attachments/1ebe75ec4a92511405ddfcf202c1923c/0798b98d/thumper_proof.png),60,SDR,"Pixel Count,Specs confirmed by devs/pubs",None,Drool,Drool,£15.99,$19.99,https://stadia.google.com/store/details/c121d8b3fa744b52b71bf3599cb3da7frcp1/sku/6e98f34bbcae444a99816b8f2613452b
TOHU,tohu.webp (https://dl.airtable.com/.attachments/f715c400fd93df683d42ed66f6f5308c/9365131f/tohu.webp),Released,28.1.2021,,,60,SDR,,None,Irregular Corp,Irregular Corp,£11.99,$14.99,https://stadia.google.com/store/details/df0f55ed73d946b8a70398fea9805e2drcp1/sku/6a40d7ab07e14609bbb3320b3c1ccb46p
Tom Clancy's Ghost Recon Breakpoint,ghost-recon-breakpoint.webp (https://dl.airtable.com/.attachments/468eaaac8cc4565e7ba7466c4d41b7e8/c185c94d/ghost-recon-breakpoint.webp),Released,18.12.2019,3840x2160 (4K),breakpoint_proof.png (https://dl.airtable.com/.attachments/df80638f6c07631fd5120237b32b6cdc/b6ebbcf6/breakpoint_proof.png),30,HDR,"Pixel Count,Specs confirmed by devs/pubs,60FPS in 1080p mode",None,Ubisoft,Ubisoft,£59.99,$59.99,https://stadia.google.com/store/details/11c9ece5b3a045908d77cf2b66adb010rcp1/sku/06e101d56a03472bb6c204aee96187d7
Tom Clancy's Ghost Recon Wildlands,tom-clancys-ghost-recon-wildlands.webp (https://dl.airtable.com/.attachments/e19b9aa5fcce414483dc396eb42dbd5e/597dee3b/tom-clancys-ghost-recon-wildlands.webp),Released,19.11.2020,3200x1800 (3.5K),wildlands_proof.png (https://dl.airtable.com/.attachments/8f0c1930462b08e39eb855e696836de3/6d3ce42d/wildlands_proof.png),30,HDR,"Pixel Count,Performance/Quality toggle,60FPS in 1080p mode,No HDR settings",None,Ubisoft,Ubisoft,£39.99,$49.99,https://stadia.google.com/store/details/a1ce1274a83244f1a099bebef7ae1233rcp1/sku/e609b00ee98d4e0e9a5eb80789db566cp
Tom Clancy's The Division 2,tom-clancys-the-division-2.webp (https://dl.airtable.com/.attachments/ba55160759da6b3e497077da4cdf730f/ccf60ec3/tom-clancys-the-division-2.webp),Released,17.3.2020,3840x2160 (4K),div2_proof.png (https://dl.airtable.com/.attachments/ceff54a546cbb9b3c85eb4ed134c1bc9/372935c1/div2_proof.png),60,HDR,"Pixel Count,Specs confirmed by devs/pubs","Partial Cross play,Cross save",Ubisoft,Ubisoft,£24.99,$29.99,https://stadia.google.com/store/details/d43cd46c81734ca48e1a615310d0237crcp1/sku/bed63eac149542078fa5b9d6f20f5f2f
Tomb Raider: Definitive Edition,tomb-raider-definitive-edition.webp (https://dl.airtable.com/.attachments/e03de09657a9319d14c397369c8b2c8b/0a69c3c4/tomb-raider-definitive-edition.webp),"Released,Previously Claimable with Pro",19.11.2019,3456x1944,trde.png (https://dl.airtable.com/.attachments/4ee8151f6414fa36461936fe7e0348db/9e607f67/trde.png),30,HDR,"Pixel Count,Performance/Quality toggle,60FPS in 1080p mode,No HDR settings",None,"Crystal Dynamics,Eidos Interactive,Nixxes",Square Enix,£15.99,$19.99,https://stadia.google.com/store/details/42503ac2cfcf40018c15c86b86a5508drcp1/sku/c86bd12f279741a8b8c9c522845c7fa9
Trials Rising,trials-rising.webp (https://dl.airtable.com/.attachments/6435c164609eb43ee656efa1794ea5b4/352a0e42/trials-rising.webp),Released,19.11.2019,3840x2160 (4K),trials_proof.png (https://dl.airtable.com/.attachments/2d2f3d4ff287ab8abcd3a213af4bab96/4d6a8005/trials_proof.png),60,SDR,"Pixel Count,Specs confirmed by devs/pubs",None,Ubisoft,Ubisoft,,$24.99,https://stadia.google.com/store/details/a031419410cc48469ff8954ea0732640rcp1/sku/01e95e73256c465fb5620fc574446413
Trine 4: The Nightmare Prince,image.png (https://dl.airtable.com/.attachments/791e8e3f8258d023530660db043142c0/b433c9a5/image.png),"Released,Currently Claimable with Pro",30.3.2021,2304x1296,trine_4_proof.png (https://dl.airtable.com/.attachments/29abbfb374b60c8ae1bb0f8557b795ba/23919605/trine_4_proof.png),60,SDR,Pixel Count,None,Frozenbyte,Frozenbyte,£24.99,$29.99,https://stadia.google.com/store/details/30fd580936bb43b782ec2dbdac8b2f45rcp1/sku/8f39647dac4f452ea0abb9aec508295fp
UNO,uno.webp (https://dl.airtable.com/.attachments/d4e80dfdab2ca7a5e9dbb4257de36deb/9598c975/uno.webp),Released,15.9.2020,3840x2160 (4K),uno_proof.png (https://dl.airtable.com/.attachments/90c5ee1338973efb7930e744632926a1/0f0d3d5e/uno_proof.png),60,SDR,Pixel Count,None,Ubisoft,Ubisoft,£7.99,$9.99,https://stadia.google.com/store/details/1694aaa3968344228424092f180a3e0ercp1/sku/c147fbe82f394c11bbe41ee134d4f350
Unto The End,unto-the-end.webp (https://dl.airtable.com/.attachments/d8df0aac19f9de463cc0d0a8d03501ae/21f5f401/unto-the-end.webp),Released,9.12.2020,3840x2160 (4K),UntoTheEnd_proof.png (https://dl.airtable.com/.attachments/2252d0a15d9fd157371247135764ff5d/67d1a62a/UntoTheEnd_proof.png),60,SDR,Pixel Count,None,Kittehface Software,Big Sugar Games,£19.99,$24.99,https://stadia.google.com/store/details/a089691b36254f77bc66a75052fc7cf6rcp1/sku/9e7a4e4a25cf45bc81367d8087df7f3bp
Valkyria Chronicles 4,valkyria-chronicles-4.webp (https://dl.airtable.com/.attachments/d1e5d67245e02fd62bd4d3bd3d430afb/d2907b48/valkyria-chronicles-4.webp),Released,8.12.2020,1920x1080 (FHD),vc4_proof.png (https://dl.airtable.com/.attachments/e33690725ec4643e209e9beaf0f91edd/2430c24f/vc4_proof.png),60,HDR,Pixel Count,None,SEGA,SEGA Europe,£39.99,$49.99,https://stadia.google.com/store/details/b00e2f20b91e43c8a0597b07fc80ca84rcp1/sku/bd0a6e3669c7410c8c3f86779cac1f44p
Watch Dogs,watch-dogs.webp (https://dl.airtable.com/.attachments/1d5d35e7030d0070d990f88da36998e8/281a07e2/watch-dogs.webp),Released,9.12.2020,3840x2160 (4K),watchdogs_proof.png (https://dl.airtable.com/.attachments/27d883a17a561a034b25deb2c472aa43/1092cc3c/watchdogs_proof.png),30,SDR,"Pixel Count,Performance/Quality toggle,60FPS in 1080p mode",None,Ubisoft,Ubisoft,£24.99,$19.99,https://stadia.google.com/store/details/b7503867ccbc4ac7be7093fe3ba1523crcp1/sku/426d9b3d67b84b359c71606ef2672cbdp
Watch Dogs 2,watch-dogs-2.webp (https://dl.airtable.com/.attachments/774630d9ca1efefda8466a237d542353/a63b29df/watch-dogs-2.webp),Released,9.12.2020,,,30,SDR,"Performance/Quality toggle,60FPS in 1080p mode",None,Ubisoft,Ubisoft,£39.99,$49.99,https://stadia.google.com/store/details/e6005e58d6d3458abd01bcf68e264ccercp1/sku/b64033837ef440bfaba7b1c54a1ac866p
Watch Dogs: Legion,watch-dogs-legion.webp (https://dl.airtable.com/.attachments/08212da1f025c7ecf92eb89b50de3c9f/24ca204c/watch-dogs-legion.webp),Released,29.10.2020,2304x1296,wdl_proof.png (https://dl.airtable.com/.attachments/252c1ffb57bd782b096ae4616f61a80d/b99c2ac9/wdl_proof.png),30,HDR,"Pixel Count,30FPS in 1080p mode",Cross save,Ubisoft,Ubisoft,£59.99,$59.99,https://stadia.google.com/store/details/deb490c166544813bf2ab73f4c6e2aa0rcp1/sku/af7331db8d1b4ef588f4f1a219d7e081p
Wave Break,image.png (https://dl.airtable.com/.attachments/0d02626222ee9803c041f30a819d7ade/1401d52b/image.png),Released,23.6.2020,,,30,HDR,60FPS in 1080p mode,None,Funktronic Labs,Funktronic Labs,£23.99,$29.99,https://stadia.google.com/store/details/3e7b24085e704c10ab03f93a19947c14rcp1/sku/599a08652fad4a41baad8591e18e83e2
Welcome to Elk,image.png (https://dl.airtable.com/.attachments/f1f0c1dda63022e076b3b261ee9a39be/31fb221a/image.png),Released,23.2.2021,1920x1080 (FHD),elk_proof.png (https://dl.airtable.com/.attachments/682402dcc14fc0345703292a9ef9a5b1/e52360f4/elk_proof.png),60,SDR,"Pixel Count,Not compatible with 4K mode",None,Triple Topping,Triple Topping,£14.99,$14.99,https://stadia.google.com/store/details/9fb7a46ff38a4c1d842e9ddd35b24d00rcp1/sku/a90e5aae58c04e788d6ba9311be3ce91p
West of Loathing,image.png (https://dl.airtable.com/.attachments/d55b7c2899c7515dfaf50dadc6c0bd8a/33a66e5f/image.png),"Released,Previously Claimable with Pro",1.7.2020,3840x2160 (4K),wol_proof.png (https://dl.airtable.com/.attachments/00e574f8696aa1526ea9f8aaf223bf75/bd626c2c/wol_proof.png),60,SDR,"Pixel Count,Specs confirmed by devs/pubs",None,Asymmetric,Asymmetric,£10.99,$10.99,https://stadia.google.com/store/details/0a60fff637b445a797623d0c69433a9crcp1/sku/772119af45f44182bca3ff8d39f62b0b
Windbound,windbound.webp (https://dl.airtable.com/.attachments/c9d302abc7590ef810575400dd00b4ce/a62e76ec/windbound.webp),Released,28.8.2020,3840x2160 (4K),,60,HDR,Pixel Count,None,5 Lives Studios,Koch Media,£24.99,$29.99,https://stadia.google.com/u/1/store/details/657210fe20ad402b85bda8f816b80d98rcp1/sku/6f9f6fda4e2a458c9935a1d591323f37p
Wolfenstein: Youngblood,wolfenstein-youngblood.webp (https://dl.airtable.com/.attachments/b748b9cb03087e94ef61703d5a817b62/0c144e58/wolfenstein-youngblood.webp),Released,19.11.2019,2560x1440 (2K),wolfenstein_proof.png (https://dl.airtable.com/.attachments/3c0d7799359491b187d1f453011a044e/62e14eec/wolfenstein_proof.png),60,SDR,Pixel Count,None,Machine Games,Bethesda Softworks,£24.99,$29.99,https://stadia.google.com/store/details/4884bd9bd7864cf28deef05ef4b69e70rcp1/sku/31047b9e82bb4a30ba66b24bef71cdf2
WWE 2K Battlegrounds,wwe-2k-battlegrounds.webp (https://dl.airtable.com/.attachments/11ae697c6481280e503d191be51dc81e/708d6250/wwe-2k-battlegrounds.webp),Released,18.9.2020,2560x1440 (2K),,60,SDR,Pixel Count,Full cross play,Saber Interactive,2K,£34.99,$39.99,https://stadia.google.com/store/details/f28e66bbd0984c77ac6a54e8cc3007bdrcp1/sku/30a2e74966344afcabc22d32c0d2cdc3p
Ys IX: Monstrum Nox,,"""Announced, No Pre-order""",6.7.2021,,,,,,,,,,,
Ys VIII: Lacrimosa of DANA,image.png (https://dl.airtable.com/.attachments/b9721963b58371e831bae9bb2502db38/3092503e/image.png),"Released,Currently Claimable with Pro",1.4.2021,3840x2160 (4K),ys8_proof.png (https://dl.airtable.com/.attachments/6983ee160f0d5bb616b8e098530c7276/c9c25b77/ys8_proof.png),60,SDR,Pixel Count,None,PH3 GmbH,NIS America,,,https://stadia.google.com/store/details/7ced0b517b144dd98529ceffab963791rcp1/sku/b51c2723938547a99ebfb2e3b2ae320dp
Zombie Army 4: Dead War,zombie-army-4-dead-war.webp (https://dl.airtable.com/.attachments/05167e7c3e93d4d0ba377fb7389ae2d4/3779502b/zombie-army-4-dead-war.webp),"Released,Previously Claimable with Pro",1.5.2020,2560x1440 (2K),zombiearmy_proof.png (https://dl.airtable.com/.attachments/426a9e209177c1207a685b5392fb6a41/721d836f/zombiearmy_proof.png),60,HDR,Pixel Count,None,Rebellion,Rebellion,£39.99,$49.99,https://stadia.google.com/store/details/cba537cccfe3470b8784f88660ea5f09rcp1/sku/a7b1581491ea4b7c9fcc89710561f5f7